year,LABEL,QUESTION,NUMBER,ANSWER
2018,問卷資訊,問卷類別,x01a,x01a
2018,問卷資訊,主訪問時段,x01c,x01c
2018,問卷資訊,訪問模式,x01f,x01f
2018,問卷資訊,地區碼:現居地址,x05,x05f
2018,基本資料,受訪者性別,a01,a01f
2018,基本資料,請問您是民國__年出生的?,a02a01,a02a01f
2018,基本資料,出生月__月,a02a02,a02a02f
2018,基本資料,請問您的生肖屬?,a02b,a02b
2018,問卷資訊,請問您是第一次接受我們的訪問嗎?,a03,a03f
2018,基本資料,請問您的出生地是:,a04z01,a04z01f
2018,基本資料,地區碼:出生地,a04z02,a04z02f
2018,健康及精神狀況,整個來說，您最近這陣子的生活過得快樂嗎?,a05a,a05a
2018,健康及精神狀況,請問過去一年來，您的生活過得好不好?,a05b,a05b
2018,健康及精神狀況,請問您認為自己目前的健康狀況如何?,a05c,a05c
2018,健康及精神狀況,請問您最近兩星期有沒有因為身體不舒服或受傷而影響到生活作息的情形?,a05d,a05d
2018,當兵,請問您有沒有當過兵?,a06a,a06a
2018,當兵,請問您所服的兵役類型是什麼?,a06b,a06b
2018,當兵,請問您是否分兩階段完成兵役?,a06c01,a06c01f
2018,當兵,分成兩階段完成兵役:第一階入伍年,a06c02,a06c02f
2018,當兵,分成兩階段完成兵役:第一階入營月,a06c03,a06c03f
2018,當兵,分成兩階段完成兵役:第一階離營年,a06c04,a06c04f
2018,當兵,分成兩階段完成兵役:第一階離營月,a06c05,a06c05f
2018,當兵,分成兩階段完成兵役:第二階入營年,a06c06,a06c06f
2018,當兵,分成兩階段完成兵役:第二階入營月,a06c07,a06c07f
2018,當兵,分成兩階段完成兵役:第二階離營年,a06c08,a06c08f
2018,當兵,分成兩階段完成兵役:第二階離營月,a06c09,a06c09f
2018,當兵,一次完成兵役:入伍年,a06c10,a06c10f
2018,當兵,一次完成兵役:入伍月,a06c11,a06c11f
2018,當兵,一次完成兵役:退伍年,a06c12,a06c12f
2018,當兵,一次完成兵役:退伍月,a06c13,a06c13f
2018,教育程度,請問就您目前的環境和能力，您覺得您可以讀到什麼程度?,b01a,b01a
2018,教育程度,如果沒有環境和能力的限制，您希望讀書讀到什麼程度?,b01b,b01b
2018,教育程度,請問您最高的教育程度是什麼?,b02a,b02a
2018,教育程度,請問您曾經參加國中教育會考嗎?,b02b,b02b
2018,教育程度,當時的國中教育會考國文成績為何?,b02c01,b02c01f
2018,教育程度,當時的國中教育會考英語成績為何?,b02c02,b02c02f
2018,教育程度,當時的國中教育會考數學成績為何?,b02c03,b02c03f
2018,教育程度,當時的國中教育會考社會成績為何?,b02c04,b02c04f
2018,教育程度,當時的國中教育會考自然成績為何?,b02c05,b02c05f
2018,教育程度,當時的國中教育會考寫作測驗成績為何?,b02c06,b02c06f
2018,高中,請問您上高中/高職/五專後是否有轉學過?,b03a,b03a
2018,高中,請問您是什麼時候開始上高中/高職/五專?民國__年,b03b,b03b
2018,高中,請問您是如何進高中/高職/五專的?,b04a,b04a
2018,高中,請問您是如何進高中/高職/五專的?,b04b,b04b
2018,高中,請問您唸的高中/高職/五專是什麼樣的學校?,b05,b05f
2018,高中,請問您就讀的高中/高職/五專是在哪一個地區?,b06z01,b06z01f
2018,高中,地區碼:高中/高職/五專,b06z02,b06z02f
2018,高中,請問您高中/高職/五專就讀的學校是公立還是私立?,b07a,b07a
2018,高中,請問您高中/高職/五專就讀的是日間部還是夜間部(進修學校)?,b07b,b07b
2018,高中,請問您高中/高職/五專唸的是什麼科?,b07c,b07c
2018,高中,請問您是否取得技術士證書?,b07d,b07d
2018,高中,請問您是否通過政府或學校所辦的專案技能檢定?,b07e,b07e
2018,高中,請問您高中/高職/五專是已經畢業(或肄業)，還是正在就學?,b07f01,b07f01f
2018,高中,高中/高職/五專畢業/肄業於民國__年,b07f02,b07f02f
2018,高中,高中/高職/五專正在就學__年級,b07f03,b07f03f
2018,高中,請問高中/高職/五專在過去一學期，您是不是住在家裡?,b08a01,b08a01f
2018,高中,過去高中/高職/五專一學期，若住在外面，與家裡的交通時間單程約需__分鐘,b08a02,b08a02f
2018,高中,請問您高中/高職/五專上學期是住在那裡?,b08b,b08b
2018,高中,請問您在過去高中/高職/五專一學期(含寒暑假)，沒有打工,b09z01,b09z01f
2018,高中,請問您在過去高中/高職/五專一學期(含寒暑假)，在學期中工作，平均每週工作不滿15小時,b09z02,b09z02f
2018,高中,請問您在過去高中/高職/五專一學期(含寒暑假)，在學期中工作，平均每週工作15~30小時,b09z03,b09z03f
2018,高中,請問您在過去高中/高職/五專一學期(含寒暑假)，寒暑假打工,b09z04,b09z04f
2018,高中,請問您在過去高中/高職/五專一學期(含寒暑假)，在學期中工作，平均每週工作30小時以上,b09z05,b09z05f
2018,高中,請問您在過去高中/高職/五專一學期(含寒暑假)，有其他工作(打工)經驗,b09z97,b09z97f
2018,高中,在過去高中/高職/五專一學期，您的學費或膳宿費主要是由誰負擔?,b10,b10f
2018,高中,我的父親會關注我在高中/高職/五專學校的表現,b11z01,b11z01f
2018,高中,我的母親會關注我在高中/高職/五專學校的表現,b11z02,b11z02f
2018,高中,我的父親總是知道我的行蹤和活動(高中/高職/五專),b11z03,b11z03f
2018,高中,我的母親總是知道我的行蹤和活動(高中/高職/五專),b11z04,b11z04f
2018,高中,我的父母會因為我的高中/高職/五專學校成績而獎勵我,b11z05,b11z05f
2018,高中,我的父母會因為我的高中/高職/五專學校成績而懲罰我,b11z06,b11z06f
2018,高中,在過去高中/高職/五專一學期，您是否會和您的父親討論求學計畫?,b12a01,b12a01f
2018,高中,在過去高中/高職/五專一學期，您是否會和您的母親討論求學計畫?,b12a02,b12a02f
2018,高中,在過去高中/高職/五專一學期，您是否會和老師討論求學計畫?,b12a03,b12a03f
2018,高中,在過去高中/高職/五專一學期，您是否會和朋友或同學討論求學計畫?,b12a04,b12a04f
2018,高中,在過去高中/高職/五專一學期，您是否會和兄弟姊妹討論求學計畫?,b12a05,b12a05f
2018,高中,請您想一下，高中/高職/五專學校裡和您最親近的同學中是否大部分準備繼續升學?,b12b,b12b
2018,高中,在過去高中/高職/五專一學期學習過程中，您遭遇課程太難的程度為何?,b13a,b13a
2018,高中,在過去高中/高職/五專一學期學習過程中，您遭遇很難配合學校的規定與作息的程度為何?,b13b,b13b
2018,高中,請問您高中/高職/五專上學期的成績大概占全班中的排名為何?,b14,b14f
2018,高中,在過去高中/高職/五專一學期，請問您在學期中，平均每天花多少時間和父親聊天(包含用電話，電腦)?,b15a,b15a
2018,高中,在過去高中/高職/五專一學期，請問您在學期中，平均每天花多少時間和母親聊天(包含用電話，電腦)?,b15b,b15b
2018,高中,請問您高中/高職/五專在學期中，平均每天花多少時間閱讀報紙(含電子報)?,b16,b16f
2018,高中,請問您高中/高職/五專在學期中，平均每天花多少時間看電視節目?,b17,b17f
2018,高中,請問您高中/高職/五專在學期中，平均每天花多少時間上網?,b18,b18f
2018,高中,請問您高中/高職/五專在學期中，平均每天花多少時間參與社團活動?,b19,b19f
2018,高中,請問您高中/高職/五專參加了幾個社團或學生組織?,b20a,b20a
2018,高中,請問您是否擔任高中/高職/五專社團或組織中的幹部?,b20b,b20b
2018,高中,請問您在高中/高職/五專學校時是否有參加過義工或服務性質的活動?,b21a,b21a
2018,高中,請問您在高中/高職/五專學校時參加幾次義工服務?,b21b,b21b
2018,高中,您在高中/高職/五專畢業後，您打算做什麼?,b22,b22f
2018,高中,請問您在高中/高職/五專畢業後，打算繼續唸什麼樣的學校?,b23,b23f
2018,高中,請問您在高中/高職/五專畢業後，打算唸什麼樣的科系?,b24,b24f
2018,高中,當您自高中/高職/五專畢業後，您若開始工作的話，能接受的最低月薪為多少?,b25a,b25a
2018,高中,在高中/高職/五專畢業後，您若開始工作的話，您估計大概月收入會有多少?,b25b,b25b
2018,大學,請問您上二專/技術學院(科技大學)/大學後是否有轉學過?,b26a,b26a
2018,大學,請問您是什麼時候開始上二專/技術學院(科技大學)/大學?民國__年,b26b,b26b
2018,大學,請問您是如何進入大學的?,b27a01,b27a01f
2018,大學,請問您是如何進入二專/技術學院(科技大學)的?,b27a02,b27a02f
2018,大學,請問您唸的是什麼樣的二專/技術學院(科技大學)/大學/研究所學校?,b27b,b27b
2018,大學,請問您就讀的二專/技術學院(科技大學)/大學/研究所是在哪一個地區?,b28a01,b28a01f
2018,大學,地區碼:二專/技術學院(科技大學)/大學/研究所,b28a02,b28a02f
2018,大學,請問您就讀的二專/技術學院(科技大學)/大學/研究所是公立還是私立的?,b28b,b28b
2018,大學,請問您就讀的二專/技術學院(科技大學)/大學/研究所是進修部嗎?,b28c,b28c
2018,大學,請問您唸的二專/技術學院(科技大學)/大學/研究所是什麼科系?,b28d,b28d
2018,大學,請問您二專/技術學院(科技大學)/大學/研究所是已經畢業(或肄業)，還是正在就學?,b29z01,b29z01f
2018,大學,二專/技術學院(科技大學)/大學/研究所畢業/肄業於民國__年,b29z02,b29z02f
2018,大學,二專/技術學院(科技大學)/大學/研究所正在就學__年級,b29z03,b29z03f
2018,大學,請問在過去二專/技術學院/大學一學期，您是不是住在家裡?,b30a01,b30a01f
2018,大學,請問在過去二專/技術學院/大學一學期，若住在外面，與家裡的交通時間單程約需__分鐘,b30a02,b30a02f
2018,大學,請問您二專/技術學院/大學上學期是住在那裡?,b30b,b30b
2018,大學,請問您在過去二專/技術學院/大學一學期(含寒暑假)，沒有打工,b31z01,b31z01f
2018,大學,請問您在過去二專/技術學院/大學一學期(含寒暑假)，在學期中工作，平均每週工作不滿15小時,b31z02,b31z02f
2018,大學,請問您在過去二專/技術學院/大學一學期(含寒暑假)，在學期中工作，平均每週工作15~30小時,b31z03,b31z03f
2018,大學,請問您在過去二專/技術學院/大學一學期(含寒暑假)，寒暑假打工,b31z04,b31z04f
2018,大學,請問您在過去二專/技術學院/大學一學期(含寒暑假)，在學期中工作，平均每週工作30小時以上,b31z05,b31z05f
2018,大學,請問您在過去二專/技術學院/大學一學期(含寒暑假)，有其他工作(打工)經驗,b31z97,b31z97f
2018,大學,在過去二專/技術學院/大學一學期，您的學費或膳宿費主要是由誰負擔?,b32,b32f
2018,大學,在過去二專/技術學院/大學一學期學習過程中，您遭遇課程太難的程度為何?,b33a,b33a
2018,大學,在過去二專/技術學院/大學一學期學習過程中，您遭遇很難配合學校的規定與作息的程度為何?,b33b,b33b
2018,大學,請問您在二專/技術學院/大學學期中，平均每天花多少時間閱讀報紙(含電子報)?,b34,b34f
2018,大學,請問您在二專/技術學院/大學學期中，平均每天花多少時間上網?,b36,b36f
2018,大學,請問您在二專/技術學院/大學學期中，平均每天花多少時間看電視節目?,b35,b35f
2018,大學,請問您在二專/技術學院/大學學期中，平均每天花多少時間參與社團活動?,b37,b37f
2018,大學,當初在您選填二專/技術學院/大學志願時，您的父親對您的影響程度為何?,b38a,b38a
2018,大學,當初在您選填二專/技術學院/大學志願時，您的母親對您的影響程度為何?,b38b,b38b
2018,大學,當初在您選填二專/技術學院/大學志願時，老師對您的影響程度為何?,b38c,b38c
2018,大學,當初在您選填二專/技術學院/大學志願時，朋友或同學對您的影響程度為何?,b38d,b38d
2018,大學,當初在您選填二專/技術學院/大學志願時，兄弟姊妹對您的影響程度為何?,b38e,b38e
2018,大學,當初您在選填二專/技術學院/大學志願時，最主要考慮的因素是哪一項?,b39,b39f
2018,大學,請問您在二專/技術學院(科技大學)/大學/研究所時有沒有雙修，輔系的經驗?,b40z01,b40z01f
2018,大學,請問您在二專/技術學院(科技大學)/大學/研究所時有沒有重修的經驗?,b40z02,b40z02f
2018,大學,請問您在二專/技術學院(科技大學)/大學/研究所時有沒有轉系的經驗?,b40z03,b40z03f
2018,大學,請問您在二專/技術學院(科技大學)/大學/研究所時有沒有轉學的經驗?,b40z04,b40z04f
2018,大學,請問您在二專/技術學院(科技大學)/大學/研究所時有沒有延畢的經驗?,b40z05,b40z05f
2018,大學,請問您在二專/技術學院(科技大學)/大學/研究所時有沒有交換學生的經驗?,b40z06,b40z06f
2018,大學,請問您在二專/技術學院(科技大學)/大學/研究所時有沒有休學的經驗?,b40z07,b40z07f
2018,大學,請問您在二專/技術學院(科技大學)/大學/研究所時有沒有雙聯學位的經驗?,b40z08,b40z08f
2018,大學,請問您在二專/技術學院(科技大學)/大學/研究所時有沒有修學程的經驗?,b40z09,b40z09f
2018,大學,請問您在二專/技術學院(科技大學)/大學/研究所時有沒有校外實習的經驗?,b40z10,b40z10f
2018,大學,請問您在二專/技術學院(科技大學)/大學/研究所時有沒有退學的經驗?,b40z11,b40z11f
2018,大學,請問您在二專/技術學院(科技大學)/大學/研究所學校時是否準備過技術學院/大學插班考試?,b41z01,b41z01f
2018,大學,請問您在二專/技術學院(科技大學)/大學/研究所學校時是否準備過研究所考試?,b41z02,b41z02f
2018,大學,請問您在二專/技術學院(科技大學)/大學/研究所學校時是否準備過留學考試?,b41z03,b41z03f
2018,大學,請問您在二專/技術學院(科技大學)/大學/研究所學校時是否準備過高普考?,b41z04,b41z04f
2018,大學,請問您在二專/技術學院(科技大學)/大學/研究所學校時是否準備過國家證照考試?,b41z05,b41z05f
2018,大學,請問您在二專/技術學院(科技大學)/大學/研究所學校時是否準備過其他專業證照考試?,b41z06,b41z06f
2018,大學,請問您在二專/技術學院(科技大學)/大學/研究所學校時是否準備過語文檢定?,b41z07,b41z07f
2018,大學,您有沒有為了上面的考試去補習?,b42a,b42a
2018,大學,您為了補習總共花了多少錢?大約__元,b42b,b42b
2018,大學,請問您是否通過政府或學校所辦的專案技能檢定?,b43,b43f
2018,大學,請問您在二專/技術學院(科技大學)/大學/研究所學校時平均成績大約在全班的什麼位置?,b44,b44f
2018,大學,請問您在二專/技術學院(科技大學)/大學/研究所學校時有沒有參加學校裡的社團，學生會或其他的學生組織?,b45,b45f
2018,大學,請問您在二專/技術學院(科技大學)/大學/研究所參加了幾個社團或學生組織?,b46,b46f
2018,大學,請問您在二專/技術學院(科技大學)/大學/研究所是否擔任社團或組織中的幹部?,b47,b47f
2018,大學,您在二專/技術學院(科技大學)/大學/研究所擔任社團或組織幹部，通常要帶領多少人?,b48,b48f
2018,大學,請問您在二專/技術學院(科技大學)/大學/研究所擔任幹部的組織或社團，人數最多的有多少人?,b49,b49f
2018,大學,請問您在二專/技術學院(科技大學)/大學/研究所學校時是否有參加過義工或服務性質的活動?,b50,b50f
2018,大學,請問您在二專/技術學院(科技大學)/大學/研究所學校時參加幾次義工服務?,b51,b51f
2018,大學,在二專/技術學院(科技大學)/大學/研究所畢業後的計畫，您的父親對您的影響程度為何?,b52a,b52a
2018,大學,在二專/技術學院(科技大學)/大學/研究所畢業後的計畫，您的母親對您的影響程度為何?,b52b,b52b
2018,大學,在二專/技術學院(科技大學)/大學/研究所畢業後的計畫，老師對您的影響程度為何?,b52c,b52c
2018,大學,在二專/技術學院(科技大學)/大學/研究所畢業後的計畫，朋友或同學對您的影響程度為何?,b52d,b52d
2018,大學,在二專/技術學院(科技大學)/大學/研究所畢業後的計畫，兄弟姊妹對您的影響程度為何?,b52e,b52e
2018,大學,請您想一下，二專/技術學院(科技大學)/大學/研究所學校裡和您最親近的同學是否大部分準備繼續升學?,b53,b53f
2018,大學,在您二專/技術學院(科技大學)/大學/研究所畢業後，您打算做什麼?,b54,b54f
2018,大學,請問您打算(或目前)唸那一類的科系/研究所?,b55a,b55a
2018,大學,當您自在二專/技術學院(科技大學)/大學/研究所畢業後，您若開始工作的話，能接受的最低月薪為何?,b55b,b55b
2018,大學,在二專/技術學院(科技大學)/大學/研究所畢業後，您若開始工作的話，您估計大概月收入會有多少?,b55c,b55c
2018,父母,目前您爸爸媽媽會管或過問您到朋友家過夜嗎?,b56a,b56a
2018,父母,目前您爸爸媽媽會管或過問您每天幾點鐘要回家嗎?,b56b,b56b
2018,父母,目前您爸爸媽媽會管或過問您穿著和儀容嗎?,b56c,b56c
2018,父母,目前您爸爸媽媽會管或過問您生活作息嗎?,b56d,b56d
2018,父母,目前您爸爸媽媽會管或過問您上網的時間嗎?,b56e,b56e
2018,父母,目前您爸爸媽媽會管或過問您交男/女朋友嗎?,b56f,b56f
2018,父母,目前您爸爸媽媽會管或過問您金錢使用嗎?,b56g,b56g
2018,父母,目前您爸爸媽媽會管或過問您工作選擇嗎?,b56h,b56h
2018,工作,在您規劃工作生涯時，優厚的待遇對於您選擇工作的重要程度如何?,c01a,c01a
2018,工作,在您規劃工作生涯時，工作穩定而且持久對於您選擇工作的重要程度如何?,c01b,c01b
2018,工作,在您規劃工作生涯時，工作讓我有成就感對於您選擇工作的重要程度如何?,c01c,c01c
2018,工作,在您規劃工作生涯時，工作的自主性高對於您選擇工作的重要程度如何?,c01d,c01d
2018,工作,在您規劃工作生涯時，工作具挑戰性而且富有變化對於您選擇工作的重要程度如何?,c01e,c01e
2018,工作,在您規劃工作生涯時，工作輕鬆對於您選擇工作的重要程度如何?,c01f,c01f
2018,工作,在您規劃工作生涯時，能兼顧生活品質對於您選擇工作的重要程度如何?,c01g,c01g
2018,工作,在您規劃工作生涯時，對社會有貢獻對於您選擇工作的重要程度如何?,c01h,c01h
2018,工作,在您規劃工作生涯時，能接觸許多人對於您選擇工作的重要程度如何?,c01i,c01i
2018,工作,在您規劃工作生涯時，在工作上可以發揮所學對於您選擇工作的重要程度如何?,c01j,c01j
2018,工作,請問您目前有工作嗎?,c02,c02f
2018,工作,請問您目前是在為誰工作?,c03a,c03a
2018,工作,您目前這個工作的工作身份屬於下列哪一種?,c03b,c03b
2018,工作,請問您目前的工作是__行業,c04a01,c04a01f
2018,工作,請問您目前的工作是__職業,c04a02,c04a02f
2018,工作,您目前工作的公司約有多少位員工(包含受訪者本人)?,c04b,c04b
2018,工作,您目前工作的工作地點是在那裡?,c04c01,c04c01f
2018,工作,地區碼:受訪者目前工作地點,c04c02,c04c02f
2018,工作,平常您每天上下班總共需要多少交通時間?,c04d01,c04d01f
2018,工作,您每天上下班需要交通時間，約__分鐘,c04d02,c04d02f
2018,工作,您目前工作平均每個月的總收入有多少?,c05a,c05a
2018,工作,您目前工作平均每個月的總收入大約有多少?,c05b,c05b
2018,工作,您目前工作收入是按小時，按日計酬的?,c05c01,c05c01f
2018,工作,您目前工作收入是按月計酬的?,c05c02,c05c02f
2018,工作,您目前工作收入是獎金(不含年終獎金)，分紅等不固定的收入?,c05c03,c05c03f
2018,工作,您目前工作收入是按件計酬的?,c05c04,c05c04f
2018,工作,您目前工作收入是含年終獎金的?,c05c05,c05c05f
2018,工作,您目前工作收入是營業(收成))收入?,c05c06,c05c06f
2018,工作,您目前工作收入是其他方式領的?,c05c97,c05c97f
2018,工作,您目前工作哪一種方式領取的收入最多?,c05d,c05d
2018,工作,請問您目前工作是由人力派遣公司發放薪水的嗎?,c06a01,c06a01f
2018,工作,請問您目前工作是由勞務外包公司發放薪水的嗎?,c06a02,c06a02f
2018,工作,在正常的情形下，您目前這份工作平均每週大約工作幾個小時?,c06b,c06b
2018,工作,請問您目前參加哪一種職業或社會保險(不包含全民健康保險)?,c06c,c06c
2018,工作,請確認上次訪問時，受訪者是否有工作?,c07a,c07a
2018,工作,您目前的主要工作，跟上一次訪問時的主要工作比較起來，公司/機構換了嗎?,c07b01,c07b01f
2018,工作,您目前的主要工作，跟上一次訪問時的主要工作比較起來工作內容改變了嗎?,c07b02,c07b02f
2018,工作,您目前的主要工作，跟上一次訪問時的主要工作比較起來，職位改變了嗎?,c07b03,c07b03f
2018,工作,您目前的主要工作，跟上一次訪問時的主要工作比較起來，工作地點改變了嗎?,c07b04,c07b04f
2018,工作,您目前的主要工作，跟上一次訪問時的主要工作比較起來，公司老闆/機構負責人換人嗎?,c07b05,c07b05f
2018,工作,您目前的主要工作，跟上一次訪問時的主要工作比較起來，沒有改變?,c07b06,c07b06f
2018,工作,受訪者反應:上次訪問時沒有工作,c07b07,c07b07f
2018,工作,您目前的主要工作，跟上一次訪問時的主要工作比較起來，有其他變化,c07b97,c07b97f
2018,工作,請問您是從什麼時候開始做目前這份工作的?民國__年,c08a01,c08a01f
2018,工作,請問您是從什麼時候開始做目前這份工作的?又__月,c08a02,c08a02f
2018,工作,在您開始做這份工作時，平均每個月的總收入有多少?,c08b,c08b
2018,工作,在您開始做這份工作時，平均每個月的總收入大約有多少?,c08c,c08c
2018,工作,在您開始做這份工作時，您平均每週大約工作幾個小時?,c08d,c08d
2018,工作,您目前的這份工作最主要是以何種方式找到的?,c08e,c08e
2018,工作,請問您是否自願離開原來的工作?,c08f,c08f
2018,工作,請問您自願離開原來工作的主要原因是什麼?,c08g,c08g
2018,工作,請問您非自願離開原來工作的主要原因是什麼?,c08h,c08h
2018,工作,請問您是在什麼時候離開原來那份工作的?民國__年,c09a01,c09a01f
2018,工作,請問您是在什麼時候離開原來那份工作的?又__月,c09a02,c09a02f
2018,工作,在您離開當時，那份工作平均每個月的總收入有多少?,c09b,c09b
2018,工作,在您離開當時，您那份工作平均每個月的總收入大約有多少?,c09c,c09c
2018,工作,在您離開當時，您那份工作平均每週大約工作幾個小時?,c09d,c09d
2018,工作,除了目前的這份工作之外，您還有其他有收入的兼差嗎?,c10a,c10a
2018,工作,請問這份兼差是在為誰工作?,c10b,c10b
2018,工作,請問您目前的兼差工作是__行業,c10c01,c10c01f
2018,工作,請問您目前的兼差工作是__職業,c10c02,c10c02f
2018,工作,這份兼差平均每個月的總收入大約有多少?,c10d,c10d
2018,工作,在正常的情形下，您這份兼差平均每週大約工作幾個小時?,c10e,c10e
2018,工作,請問您目前沒有工作，是屬於下列哪一種情況?,c11a,c11a
2018,工作,請問您目前不打算找工作的原因是什麼?,c11b,c11b
2018,工作,請問您過去這一個月之內有沒有在找工作或準備開始創業(不含兼差)?,c12a01,c12a01f
2018,工作,若有，從開始找工作到目前為止已找了__月,c12a02,c12a02f
2018,工作,若有，從開始找工作到目前為止又找了__週,c12a03,c12a03f
2018,工作,您最主要用什麼方法找尋工作?,c12b,c12b
2018,居住地,您在十六歲之前，居住最久的地方是:,c13z01,c13z01f
2018,居住地,地區碼:十六歲之前居住最久的地方,c13z02,c13z02f
2018,居住地,十六歲之前居住最久的地方住了多久?__年,c13z03,c13z03f
2018,搬遷,您十六歲之前，您父母是否曾經為了幫子女選較好的學區，或為了子女就學方便而搬家?,c14,c14f
2018,父親,在您十六歲時，您父親從事什麼樣的工作?,c15a,c15a
2018,父親,您十六歲時，您父親當時是在為誰工作?,c15b,c15b
2018,母親,在您十六歲時，您母親從事什麼樣的工作?,c16a,c16a
2018,母親,您十六歲時，您母親當時是在為誰工作?,c16b,c16b
2018,已婚+同居,請問您有沒有同居的經驗?,d01,d01f
2018,已婚+同居,請問您目前結婚了嗎?,d01a,d01a
2018,已婚+同居,請問從上次訪問您以來，您個人的婚姻狀況有沒有改變?,d01b,d01b
2018,已婚+同居,請問您現在這個婚姻狀態是在何時發生的?民國__年,d01c01,d01c01f
2018,已婚+同居,請問您現在這個婚姻狀態是在何時發生的?又__月,d01c02,d01c02f
2018,已婚+同居,請問您目前有沒有同居的伴侶?,d01d,d01d
2018,已婚+同居,請問從上次訪問您以來，您個人的同居對象有沒有改變?,d01e,d01e
2018,已婚+同居,請問您結婚前是否有工作?,d02a,d02a
2018,已婚+同居,請問您是否因為結婚而辭去工作?,d02b,d02b
2018,已婚+同居,請問剛結婚時，您從事什麼樣的工作?,d03a,d03a
2018,已婚+同居,請問剛結婚時，您當時為誰工作?,d03b,d03b
2018,已婚+同居,請問剛結婚時，當時的工作收入?,d04z01,d04z01f
2018,已婚+同居,剛結婚時，當時的工作若有酬，每月約__元,d04z02,d04z02f
2018,已婚+同居,請問您的(先生/太太)結婚前是否有工作?,d05a,d05a
2018,已婚+同居,請問您的(先生/太太)是否因為結婚而辭去工作?,d05b,d05b
2018,已婚+同居,請問剛結婚時，您的(先生/太太)從事什麼樣的工作,d06a,d06a
2018,已婚+同居,您(先生/太太)當時為誰工作?,d06b,d06b
2018,已婚+同居,請問剛結婚時，您(先生/太太)當時的工作收入?,d07z01,d07z01f
2018,已婚+同居,剛結婚時，您(先生/太太)當時的工作若有酬，每月約__元,d07z02,d07z02f
2018,新婚者,請問您結婚的時候，男方是否準備聘金?,d08a01,d08a01f
2018,新婚者,您結婚的時候，男方準備聘金，當時大約是__元,d08a02,d08a02f
2018,新婚者,請問您結婚的時候，女方是否準備嫁妝?,d08b01,d08b01f
2018,新婚者,您結婚的時候，女方準備嫁妝，當時折合現金大約是__元,d08b02,d08b02f
2018,新婚者,請問剛結婚時，您們住在哪裡?,d09z01,d09z01f
2018,新婚者,剛結婚時，您們所住的房子持續住了__年,d09z02,d09z02f
2018,新婚者,請問您與您的(先生/太太)是如何認識結婚的?,d10a,d10a
2018,新婚者,請問當初您的父母是否贊成這門親事?,d10b,d10b
2018,新婚者,請問當初您配偶的父母是否贊成這門親事?,d10c,d10c
2018,新婚者,請問您的配偶(先生/太太/同居伴侶)是在哪一年出生的?民國__年,d11a01,d11a01f
2018,新婚者,請問您的配偶(先生/太太/同居伴侶)是在哪一年出生的?__月,d11a02,d11a02f
2018,新婚者,請問您的配偶(先生/太太/同居伴侶)目前大約幾歲?,d11b,d11b
2018,新婚者,請問您配偶的父親是:,d12a,d12a
2018,新婚者,請問您配偶的母親是:,d12b,d12b
2018,新婚者,請問您配偶父親的最高教育程度是什麼?,d13a,d13a
2018,新婚者,請問您配偶母親的最高教育程度是什麼?,d13b,d13b
2018,新婚者,請問您配偶(他/她)的最高教育程度是什麼?,d13c,d13c
2018,新婚者,請問您配偶(他/她)目前的健康狀況如何?,d14,d14f
2018,新婚者,請問您配偶(他/她)目前有工作嗎?,d15,d15f
2018,新婚者,請問(您配偶他/她)是在為誰工作?,d16a,d16a
2018,新婚者,您配偶(他/她)目前這個工作的工作身份屬於下列哪一種?,d16b,d16b
2018,新婚者,請問您配偶(他/她)目前是和您一起工作嗎?,d16c,d16c
2018,新婚者,請問您配偶(他/她)目前的工作是__行業,d17a01,d17a01f
2018,新婚者,請問(您配偶他/她)目前的工作是__職業,d17a02,d17a02f
2018,新婚者,您配偶(他/她)目前這份工作的公司約有多少位員工(包含受訪者配偶本人)?,d17b,d17b
2018,新婚者,您配偶(他/她)目前這份工作的工作地點是在那裡?,d17c01,d17c01f
2018,新婚者,地區碼:配偶目前工作地點,d17c02,d17c02f
2018,新婚者,平常您配偶(他/她)每天上下班總共需要多少交通時間?,d17d01,d17d01f
2018,新婚者,平常您配偶(他/她)每天上下班需要交通時間，約__分鐘,d17d02,d17d02f
2018,新婚者,您配偶(他/她)這份工作平均每個月的總收入有多少?,d18a,d18a
2018,新婚者,您配偶(他/她)這份工作平均每個月的總收入大約有多少?,d18b,d18b
2018,新婚者,您配偶(他/她)這份工作收入是按小時，按日計酬的?,d18c01,d18c01f
2018,新婚者,您配偶(他/她)這份工作收入是按月計酬的?,d18c02,d18c02f
2018,新婚者,您配偶(他/她)這份工作收入是獎金(不含年終獎金)，分紅等不固定的收入?,d18c03,d18c03f
2018,新婚者,您配偶(他/她)這份工作收入是按件計酬的?,d18c04,d18c04f
2018,新婚者,您配偶(他/她)這份工作收入是含年終獎金的?,d18c05,d18c05f
2018,新婚者,您配偶(他/她)這份工作收入是營業(收成))收入?,d18c06,d18c06f
2018,新婚者,您配偶(他/她)這份工作收入是其他方式領的?,d18c97,d18c97f
2018,新婚者,請問您配偶(他/她)下列哪一種方式領取的收入最多?,d18d,d18d
2018,新婚者,請問您配偶(他/她)是由人力派遣公司發放薪水的嗎?,d19a01,d19a01f
2018,新婚者,請問您配偶(他/她)是由勞務外包公司發放薪水的嗎?,d19a02,d19a02f
2018,新婚者,在正常的情形下，您配偶(他/她)這份工作平均每週大約工作幾個小時?,d19b,d19b
2018,新婚者,請問您配偶(他/她)是從什麼時候開始做目前這份工作的?民國__年,d19c01,d19c01f
2018,新婚者,請問您配偶(他/她)是從什麼時候開始做目前這份工作的?又__月,d19c02,d19c02f
2018,新婚者,請問您的配偶目前參加哪一種職業或社會保險(不包含全民健康保險)?,d19d,d19d
2018,新婚者,請問您配偶(他/她)目前沒有工作，是屬於下列哪一種情況?,d20a,d20a
2018,新婚者,請問您配偶(他/她)目前不打算找工作的原因是什麼?,d20b,d20b
2018,新婚者,請問您配偶(他/她)過去這一個月之內有沒有在找工作或準備開始創業(不含兼差)?,d21z01,d21z01f
2018,新婚者,若有，您配偶(他/她)從開始找工作到目前為止已找了__月,d21z02,d21z02f
2018,新婚者,若有，您配偶(他/她)從開始找工作到目前為止又找了__週,d21z03,d21z03f
2018,新婚者,您配偶(他/她)最主要用什麼方法找尋工作?,d22,d22f
2018,健康及精神狀況,過去二年內，您是否曾經歷過寵物死亡?,e01z01,e01z01f
2018,健康及精神狀況,過去二年內，您是否曾經歷過親近的家人去世?,e01z02,e01z02f
2018,健康及精神狀況,過去二年內，您是否曾經歷過好友去世?,e01z03,e01z03f
2018,健康及精神狀況,過去二年內，您是否曾經歷過家裡的經濟變差?,e01z04,e01z04f
2018,健康及精神狀況,過去二年內，您是否曾經歷過家人受重傷或生重病?,e01z05,e01z05f
2018,健康及精神狀況,過去二年內，您是否曾經歷過自己受重傷或生重病?,e01z06,e01z06f
2018,健康及精神狀況,過去二年內，您是否曾經歷過與好友或家人發生嚴重爭吵?,e01z07,e01z07f
2018,健康及精神狀況,過去二年內，您是否曾經歷過嘗試抽菸?,e01z08,e01z08f
2018,健康及精神狀況,過去二年內，您是否曾經歷過嘗試喝酒?,e01z09,e01z09f
2018,健康及精神狀況,過去二年內，您是否曾經歷過失戀或喜歡的人與別人交往?,e01z10,e01z10f
2018,健康及精神狀況,過去二年內，您是否曾經歷過談戀愛?,e01z11,e01z11f
2018,健康及精神狀況,過去二年內，您是否曾經歷過交到知心朋友?,e01z12,e01z12f
2018,健康及精神狀況,過去二年內，您是否曾經歷過嘗試過自我傷害?,e01z13,e01z13f
2018,健康及精神狀況,過去二年內，您是否曾經歷過被同學排擠或霸凌?,e01z14,e01z14f
2018,健康及精神狀況,過去二年內，您是否曾經歷過成績，排名退步很多?,e01z15,e01z15f
2018,健康及精神狀況,過去二年內，您是否曾經歷過成績，排名進步很多?,e01z16,e01z16f
2018,移民,請問您(過去兩年)有沒有在臺灣(含離島地區)以外的地方打工?,e02z01,e02z01f
2018,移民,請問您(過去兩年)有沒有在臺灣(含離島地區)以外的地方遊學，交換學生?,e02z02,e02z02f
2018,移民,請問您(過去兩年)有沒有在臺灣(含離島地區)以外的地方，取得大學，研究所的學位?,e02z03,e02z03f
2018,移民,請問您(過去兩年)有沒有在臺灣(含離島地區)以外的地方，受過五天以上的技能訓練課程?,e02z04,e02z04f
2018,移民,請問您(過去兩年)有沒有在臺灣(含離島地區)以外的地方，在國外住過三個月以上?,e02z05,e02z05f
2018,搬遷,請問您在上一次訪問之後，是否有搬遷(搬住的地方)過?,e03a,e03a
2018,搬遷,請問您在上次訪問之後，總共搬遷幾次?,e03b,e03b
2018,搬遷,請問您最近一次搬遷是什麼時候?民國__年,e03c01,e03c01f
2018,搬遷,請問您最近一次搬遷是什麼時候?又__月,e03c02,e03c02f
2018,搬遷,您最近一次搬遷的主要原因是什麼?,e04,e04f
2018,工作,請問上一次訪問之後，您有沒有新的工作機會或工作變動的機會?,e05a,e05a
2018,工作,請問新的工作機會需要搬遷或個人遷移到外地嗎?,e05b,e05b
2018,工作,請問您有接受這個需要搬遷或個人遷移到外地的工作機會嗎?,e05c,e05c
2018,同住人口,去年(106年)與您同住的(不含受訪者本人)，一共有多少人?,e06a,laba
2018,同住人口,去年(106年)這些同住的人包括父親,e06b01,laba
2018,同住人口,去年(106年)這些同住的人包括母親,e06b02,e06b02f
2018,同住人口,去年(106年)同住的人包括受訪者配偶(同居伴侶),e06b03,e06b03f
2018,同住人口,去年(106年)同住的人包括配偶父親,e06b04,e06b04f
2018,同住人口,去年(106年)同住的人包括配偶母親,e06b05,e06b05f
2018,同住人口,去年(106年)同住的人包括已婚兒子__人,e06b06,e06b06f
2018,同住人口,去年(106年)同住的人包括已婚女兒__人,e06b07,e06b07f
2018,同住人口,去年(106年)同住的人包括未婚兒子__人,e06b08,e06b08f
2018,同住人口,去年(106年)同住的人包括未婚女兒__人,e06b09,e06b09f
2018,同住人口,去年(106年)同住的人包括兒子配偶__人,e06b10,e06b10f
2018,同住人口,去年(106年)同住的人包括女兒配偶__人,e06b11,e06b11f
2018,同住人口,去年(106年)同住的人包括已婚兄弟__人,e06b12,e06b12f
2018,同住人口,去年(106年)同住的人包括已婚姊妹__人,e06b13,e06b13f
2018,同住人口,去年(106年)同住的人包括未婚兄弟__人,e06b14,e06b14f
2018,同住人口,去年(106年)同住的人包括未婚姊妹__人,e06b15,e06b15f
2018,同住人口,去年(106年)同住的人包括兄弟的配偶__人,e06b16,e06b16f
2018,同住人口,去年(106年)同住的人包括姊妹的配偶__人,e06b17,e06b17f
2018,同住人口,去年(106年)同住的人包括配偶已婚兄弟__人,e06b18,e06b18f
2018,同住人口,去年(106年)同住的人包括配偶已婚姊妹__人,e06b19,e06b19f
2018,同住人口,去年(106年)同住的人包括配偶未婚兄弟__人,e06b20,e06b20f
2018,同住人口,去年(106年)同住的人包括配偶未婚姊妹__人,e06b21,e06b21f
2018,同住人口,去年(106年)同住的人包括祖父,e06b22,e06b22f
2018,同住人口,去年(106年)同住的人包括祖母,e06b23,e06b23f
2018,同住人口,去年(106年)同住的人包括外祖父,e06b24,e06b24f
2018,同住人口,去年(106年)同住的人包括外祖母,e06b25,e06b25f
2018,同住人口,去年(106年)同住的人包括配偶祖父,e06b26,e06b26f
2018,同住人口,去年(106年)同住的人包括配偶祖母,e06b27,e06b27f
2018,同住人口,去年(106年)同住的人包括配偶外祖父,e06b28,e06b28f
2018,同住人口,去年(106年)同住的人包括配偶外祖母,e06b29,e06b29f
2018,同住人口,去年(106年)同住的人包括孫子女__人,e06b30,e06b30f
2018,同住人口,去年(106年)同住的人包括外孫子女__人,e06b31,e06b31f
2018,同住人口,去年(106年)同住的人包括看護或幫傭__人,e06b32,e06b32f
2018,同住人口,去年(106年)同住的人包括其他親屬__人,e06b33,e06b33f
2018,同住人口,去年(106年)同住的人包括非親屬__人,e06b34,e06b34f
2018,居住地,目前居住房子是誰的:,e07a,e07a
2018,居住地,目前居住房子請問您有沒有負擔租金?,e07b01,e07b01f
2018,居住地,目前居住您有負擔租金，平均每月__元,e07b02,e07b02f
2018,居住地,目前居住住宅的型式是?,e07c,e07c
2018,居住地,請問您現在的住宅有沒有做其他用途?,e07d,e07d
2018,搬遷,請問您有沒有打算在兩年之內搬遷?,e08,e08f
2018,分產,您的父母會不會有財產分給子女，包括土地，房屋，現金，股票等?,e09,e09f
2018,父母,請問您父親目前的健康狀況?,e10f1,e10f1f
2018,父母,請問您與您的父親去年平均每月打電話(含網路即時通訊)次數?,e11af1,e11af1f
2018,父母,請問您與您的父親去年見面次數?,e11bf1,e11bf1f
2018,父母,去年之中，您的父親有無幫您帶小孩?若有，請問平均一個月幾天?,e12af1,e12af1f
2018,父母,去年之中，您的父親有無幫您做家事?若有，請問平均一個月幾天?,e12bf1,e12bf1f
2018,父母,請問您的父親平常會不會跟您說他的心事或煩惱?,e12cf1,e12cf1f
2018,父母,再請問您平常會不會跟您的父親說您的心事或煩惱?,e12df1,e12df1f
2018,父母,請問您母親目前的健康狀況?,e10m1,e10m1f
2018,父母,請問您與您的母親去年平均每月打電話(含網路即時通訊)次數?,e11am1,e11am1f
2018,父母,請問您與您的母親去年見面次數?,e11bm1,e11bm1f
2018,父母,去年之中，您的母親有無幫您帶小孩?若有，請問平均一個月幾天?,e12am1,e12am1f
2018,父母,去年之中，您的母親有無幫您做家事?若有，請問平均一個月幾天?,e12bm1,e12bm1f
2018,父母,請問您的母親平常會不會跟您說她的心事或煩惱?,e12cm1,e12cm1f
2018,父母,再請問您平常會不會跟您的母親說您的心事或煩惱?,e12dm1,e12dm1f
2018,父母,去年之中，您(或您配偶)有無幫您的父母做家事或照料生活起居?若有，請問平均一個月幾天?,e13,e13f
2018,父母,請問過去一年來，您的父母有沒有給您(或您配偶)零用金，生活費或節慶紅包?,e14a01,e14a01f
2018,父母,請問過去一年來，您(或您配偶)有沒有給您父母零用金，生活費或節慶紅包?,e14b01,e14b01f
2018,父母,若您的父母有給您(或您配偶)零用金，生活費或節慶紅包，平均每個月大約__元,e14a02,e14a02f
2018,父母,若您(或您配偶)有給您父母零用金，生活費或節慶紅包，平均每個月大約__元,e14b02,e14b02f
2018,配偶父母,請問您配偶父親目前的健康狀況?,e15f2,e15f2f
2018,配偶父母,請問您與您配偶的父親去年平均每月打電話(含網路即時通訊)次數?,e16af2,e16af2f
2018,配偶父母,請問您與您配偶的父親去年見面次數?,e16bf2,e16bf2f
2018,配偶父母,去年之中，您配偶父親有無幫您帶小孩?若有，請問平均一個月幾天?,e17af2,labb
2018,配偶父母,去年之中，您配偶父親有無幫您做家事?若有，請問平均一個月幾天?,e17bf2,labb
2018,配偶父母,請問您的配偶父親平常會不會跟您說他的心事或煩惱?,e17cf2,e17cf2f
2018,配偶父母,再請問您平常會不會跟您的配偶父親說您的心事或煩惱?,e17df2,e17df2f
2018,配偶父母,請問您配偶母親目前的健康狀況?,e15m2,e15m2f
2018,配偶父母,請問您與您配偶的母親去年平均每月打電話(含網路即時通訊)次數?,e16am2,e16am2f
2018,配偶父母,請問您與您配偶的母親去年見面次數?,e16bm2,e16bm2f
2018,配偶父母,去年之中，您配偶母親有無幫您帶小孩?若有，請問平均一個月幾天?,e17am2,labb
2018,配偶父母,去年之中，您配偶母親有無幫您做家事?若有，請問平均一個月幾天?,e17bm2,labb
2018,配偶父母,請問您的配偶母親平常會不會跟您說她的心事或煩惱?,e17cm2,e17cm2f
2018,配偶父母,再請問您平常會不會跟您的配偶母親說您的心事或煩惱?,e17dm2,e17dm2f
2018,配偶父母,去年之中，您(或您配偶)有無幫您的配偶父母做家事或照料生活起居?若有，請問平均一個月幾天?,e18,labb
2018,配偶父母,請問過去一年來，您配偶的父母有沒有給您(或您配偶)零用金，生活費或節慶紅包?,e19a01,e19a01f
2018,配偶父母,請問過去一年來，您(或您配偶)有沒有給您配偶父母零用金，生活費或節慶紅包?,e19b01,e19b01f
2018,配偶父母,若您配偶的父母有給您(或您配偶)零用金，生活費或節慶紅包，平均每個月大約__元,e19a02,e19a02f
2018,配偶父母,若您(或您配偶)有給您配偶父母零用金，生活費或節慶紅包，平均每個月大約__元,e19b02,e19b02f
2018,配偶父母,上次訪問以來，您(或您配偶)是否曾經從兄弟姊妹得到資助或借款?,e20z01,e20z01f
2018,配偶父母,上次訪問以來，您(或您配偶)是否曾經從配偶的兄弟姊妹得到資助或借款?,e20z02,e20z02f
2018,配偶父母,上次訪問以來，您(或您配偶)是否曾經從其他親戚得到資助或借款?,e20z03,e20z03f
2018,配偶父母,上次訪問以來，您(或您配偶)是否曾經從朋友或同事得到資助或借款?,e20z04,e20z04f
2018,已婚+同居,如果您或您的配偶有財務需要的話，父母是否會幫助您?,e21z01,e21z01f
2018,已婚+同居,如果您或您的配偶有財務需要的話，配偶父母是否會幫助您?,e21z02,e21z02f
2018,已婚+同居,如果您或您的配偶有財務需要的話，兄弟姊妹是否會幫助您?,e21z03,e21z03f
2018,已婚+同居,如果您或您的配偶有財務需要的話，配偶兄弟姊妹是否會幫助您?,e21z04,e21z04f
2018,已婚+同居,在去年(106年)之中，請問您平均每週大約花多少時間做家務工作?__小時,f01a,f01a
2018,已婚+同居,在去年(106年)之中，請問您的配偶平均每週大約花多少時間做家務工作?__小時,f01b,f01b
2018,已婚+同居,在去年之中，您自己有沒有領取失業保險給付?,f02a01,f02a01f
2018,已婚+同居,在去年之中，您的配偶有沒有領取失業保險給付?,f02a02,f02a02f
2018,已婚+同居,在去年(106年)之中，您的家庭是否曾經得到政府的中低收入戶生活補助?,f02b01,f02b01f
2018,已婚+同居,在去年(106年)之中，您的家庭是否曾經得到政府的重大傷病，傷病醫療或身心障礙者補助?,f02b02,f02b02f
2018,已婚+同居,在去年(106年)之中，您的家庭是否曾經得到政府的教育補助(含五歲幼兒學費補助)?,f02b03,f02b03f
2018,已婚+同居,在去年(106年)之中，您的家庭是否曾經得到政府的生育補助(含育兒津貼)?,f02b04,f02b04f
2018,已婚+同居,在去年(106年)之中，您的家庭是否曾經得到政府的兒童托育補助?,f02b05,f02b05f
2018,已婚+同居,在去年(106年)之中，您的家庭是否曾經得到政府的其他補助?,f02b97,f02b97f
2018,已婚+同居,在去年之中，您家庭自政府得到的補助總計大約是多少?,f02c,f02c
2018,已婚+同居,在過去一年裡，您(和您配偶)房屋貸款支出平均每月__元,f03a,f03a
2018,已婚+同居,在過去一年裡，您(和您配偶)保姆或幫傭(包括家事管理)支出平均每月__元,f03b,f03b
2018,已婚+同居,請問您(和您配偶)過去一年裡，人身商業保險__元,f04a,f04a
2018,已婚+同居,請問您(和您配偶)過去一年裡，家具與家庭耐久設備__元,f04b,f04b
2018,已婚+同居,在去年(106年)中，您(和您配偶)全部的支出(含給父母親，繳稅等支出)大約__元,f05,f05f
2018,健康及精神狀況,您認為自己的身高太高或太矮?,g06a01,g06a01f
2018,健康及精神狀況,您理想的身高是__公分,g06a02,g06a02f
2018,健康及精神狀況,您認為自己的體重太重或太輕?,g06b01,g06b01f
2018,健康及精神狀況,您理想的體重是__公斤,g06b02,g06b02f
2018,健康及精神狀況,您滿意自己的外貌長相嗎?,g06c,g06c
2018,健康及精神狀況,您曾經為了身材而改變飲食習慣嗎?,g06d01,g06d01f
2018,健康及精神狀況,您曾經為了身材而運動嗎?,g06d02,g06d02f
2018,健康及精神狀況,您曾經為了身材而參加健身或塑身課程嗎?,g06d03,g06d03f
2018,健康及精神狀況,您曾經為了身材而吃健康食品或服用藥物嗎?,g06d04,g06d04f
2018,健康及精神狀況,您曾經為了身材而做過其他行為嗎?,g06d97,g06d97f
2018,基本資料,請問您的身高是__公分,g07a,g07a
2018,基本資料,請問您的體重是__公斤,g07b,g07b
2018,基本資料,您現在有交往中的男/女朋友嗎?,d24,d24f
2018,已婚+同居,是什麼時候開始交往的?民國__年,d25a01,d25a01f
2018,已婚+同居,是什麼時候開始交往的?又__月,d25a02,d25a02f
2018,已婚+同居,您最近一次交男/女朋友，是什麼時候開始交往的?民國__年,d25b01,d25b01f
2018,已婚+同居,您最近一次交男/女朋友，是什麼時候開始交往的?又__月,d25b02,d25b02f
2018,已婚+同居,最近一次交的男/女朋友和您的年齡相差幾歲?,d26z01,d26z01f
2018,已婚+同居,最近一次交的男/女朋友和您的年齡比自己大/小__歲,d26z02,d26z02f
2018,已婚+同居,請問最近一次交的男/女朋友的身高是幾公分?,d27a,d27a
2018,已婚+同居,請問最近一次交的男/女朋友的體重是幾公斤?,d27b,d27b
2018,已婚+同居,請問您和最近一次交的男/女朋友是如何認識的?,d28,d28f
2018,已婚+同居,最近一次交的男/女朋友，開始交往的時候，他/她在學校就讀嗎?,d29a,d29a
2018,已婚+同居,最近一次交的男/女朋友，開始交往的時候，他/她的教育程度是什麼(含就學中)?,d29b,d29b
2018,已婚+同居,最近一次交的男/女朋友，開始交往的時候，他/她(當時)有工作嗎?,d30,d30f
2018,已婚+同居,最近一次交的男/女朋友，您們有討論過要住在一起嗎?,d31,d31f
2018,已婚+同居,最近一次交的男/女朋友，您們住在一起過嗎?,d32a,d32a
2018,已婚+同居,如果和最近一次交的男/女朋友住在一起過，大概是多久?__年,d32b01,d32b01f
2018,已婚+同居,如果和最近一次交的男/女朋友住在一起過，大概是多久?又__月,d32b02,d32b02f
2018,已婚+同居,請您回想一下，您第一次談戀愛是幾歲?,d33,d33f
2018,已婚+同居,請您回想一下，到目前為止，您曾經和幾個人親密交往過?,d34,d34f
2018,已婚+同居,整體而言，您對您的婚姻(同居)生活滿意嗎?,f06a,f06a
2018,已婚+同居,您和配偶(同居伴侶)的感情好不好?,f06b,f06b
2018,已婚+同居,請問您平常會不會跟您的配偶(同居伴侶/男女朋友)說您的心事或煩惱?,f06c,f06c
2018,已婚+同居,請問您的配偶(同居伴侶/男女朋友)平常會不會跟您說他/她的心事或煩惱?,f06d,f06d
2018,已婚+同居,您和您的配偶(同居伴侶/男女朋友)平常會不會意見不合?,f07,f07f
2018,已婚+同居,您和您的配偶(同居伴侶/男女朋友)發生意見不合時，通常您會不說話,f08a01,f08a01f
2018,已婚+同居,您和您的配偶(同居伴侶/男女朋友)發生意見不合時，通常您會批評對方,f08a02,f08a02f
2018,已婚+同居,您和您的配偶(同居伴侶/男女朋友)發生意見不合時，通常您會發脾氣,f08a03,f08a03f
2018,已婚+同居,您和您的配偶(同居伴侶/男女朋友)發生意見不合時，通常您會有肢體動作,f08a04,f08a04f
2018,已婚+同居,您和您的配偶(同居伴侶/男女朋友)發生意見不合時，通常您會摔東西,f08a05,f08a05f
2018,已婚+同居,您和您的配偶(同居伴侶/男女朋友)發生意見不合時，通常您會有其他行為,f08a97,f08a97f
2018,已婚+同居,新增變數_您和您的配偶(同居伴侶)發生意見不合時，通常您會有其他行為:溝通,f08a97_1,f08a97_1f
2018,已婚+同居,新增變數_您和您的配偶(同居伴侶)發生意見不合時，通常您會有其他行為,f08a97_2,f08a97_2f
2018,已婚+同居,您和您的配偶(同居伴侶/男女朋友)發生意見不合時，通常您的配偶會不說話,f08b01,f08b01f
2018,已婚+同居,您和您的配偶(同居伴侶/男女朋友)發生意見不合時，通常您的配偶會批評對方,f08b02,f08b02f
2018,已婚+同居,您和您的配偶(同居伴侶/男女朋友)發生意見不合時，通常您的配偶會發脾氣,f08b03,f08b03f
2018,已婚+同居,您和您的配偶(同居伴侶/男女朋友)發生意見不合時，通常您的配偶會有肢體動作,f08b04,f08b04f
2018,已婚+同居,您和您的配偶(同居伴侶/男女朋友)發生意見不合時，通常您的配偶會摔東西,f08b05,f08b05f
2018,已婚+同居,您和您的配偶(同居伴侶/男女朋友)發生意見不合時，通常您的配偶會有其他行為,f08b97,f08b97f
2018,已婚+同居,新增變數_您和您的配偶(同居伴侶)發生意見不合時，通常您的配偶會有其他行為:溝通,f08b97_1,f08b97_1f
2018,已婚+同居,新增變數_您和您的配偶(同居伴侶)發生意見不合時，通常您的配偶會有其他行為,f08b97_2,f08b97_2f
2018,已婚+同居,您和您的配偶(同居伴侶/男女朋友)發生意見不合後，通常當場和好,f08c01,f08c01f
2018,已婚+同居,您和您的配偶(同居伴侶/男女朋友)發生意見不合後，通常彼此不說話,f08c02,f08c02f
2018,已婚+同居,您和您的配偶(同居伴侶/男女朋友)發生意見不合後，通常生氣過後就沒事了,f08c03,f08c03f
2018,已婚+同居,您和您的配偶(同居伴侶/男女朋友)發生意見不合後，通常事後再討論,f08c04,f08c04f
2018,已婚+同居,您和您的配偶(同居伴侶/男女朋友)發生意見不合後，通常由第三者協調,f08c05,f08c05f
2018,已婚+同居,您和您的配偶(同居伴侶/男女朋友)發生意見不合後，通常有其他解決方式,f08c97,f08c97f
2018,已婚+同居,您和您的同居伴侶/男女朋友，有討論到結婚計畫嗎?,f09,f09f
2002,與戶長關係,受訪者與戶長之關係,x10,X10F
2002,基本資料,性別,a01,A01F
2002,基本資料,請問您的出生地是:,a03z1,A03Z1F
2002,基本資料,若出生地是台灣:____縣市，_____鄉,a03z2,LABA
2002,健康及精神狀況,請問您認為自己目前的健康狀況如_,a04a,LABB
2002,健康及精神狀況,身體上或精神上疾病讓你工作或行_,a04b,LABC
2002,當兵,請問您有沒有在軍中服過役?,a05a,LABC
2002,當兵,請問您是什麼時候在軍中服役?民國,a05b1,LABD
2002,當兵,民國____年退伍,a05b2,LABD
2002,教育程度,請問您的父母是否滿意您目前的教_,b01a,B01A
2002,教育程度,就您目前的環境和能力，您可以讀到,b01b,LABE
2002,教育程度,沒有環境和能力限制，你希望讀到什,b01c,LABE
2002,教育程度,請問您最高的教育程度是什麼?,b02,LABF
2002,高中,請問您過去一年是否轉過學?,b03a,LABC
2002,高中,什麼時候開始上高中/高職/五專?民,b03b,LABD
2002,高中,請問您是如何進入高中/高職/五專_,b04,B04F
2002,高中,請問您唸的是什麼樣的學校?,b05,B05F
2002,高中,請問您唸的是什麼科?,b06,LABG
2002,高中,您就讀的學校是在哪一個地區?,b07a1,LABH
2002,高中,台灣:縣市鄉鎮市區，學校.台灣外:_,b07a2,LABI
2002,高中,請問您就讀的學校是公立還是私立?,b07b,LABJ
2002,高中,請問您是否取得技術士證書?,b07c,LABC
2002,高中,是否通過專案技能檢定?(以最高等_,b07d,LABK
2002,高中,請問您是否已經畢業(或肄業)，還是,b07e1,LABL
2002,高中,若畢業，民國____年.若肄業，民國__,b07e2,LABD
2002,高中,請問在過去一學期，您是不是住在家,b08a1,LABC
2002,高中,若不是，住外面，與家的交通時間約_,b08a2,LABD
2002,高中,請問您是住在那裡?,b08b,LABM
2002,高中,過去一學期，打工的經驗?(1)從未打,b09z1,LABC
2002,高中,(2)在學期中打工，平均每週工作不_,b09z2,LABC
2002,高中,(3)在學期中打工，平均每週工作15_,b09z3,LABC
2002,高中,(4)寒暑假打工,b09z4,LABC
2002,高中,(7)其他(請說明)____,b09z5,LABC
2002,高中,過去一學期，學費及膳宿費用主要是,b10,LABN
2002,高中,是否同意?(a)我的父親會關注我在_,b11z1,LABO
2002,高中,(b)我的母親會關注我在學校的表現,b11z2,LABO
2002,高中,(c)我的父親總是知道我的行蹤和活,b11z3,LABO
2002,高中,(d)我的母親總是知道我的行蹤和活,b11z4,LABO
2002,高中,(e)我的父母會因為我的學校成績而,b11z5,LABO
2002,高中,(f)我的父母會因為我的學校成績而,b11z6,LABO
2002,高中,您是否會和下列人討論求學計劃?(a,b12a1,LABP
2002,高中,您的母親,b12a2,LABP
2002,高中,老師,b12a3,LABP
2002,高中,朋友或同學,b12a4,LABP
2002,高中,學校裡和您最親近的朋友中是否大_,b12b,LABQ
2002,高中,學習中，曾遭遇困難的程度為何?(a),b13z1,LABR
2002,高中,(b)很難配合學校的規定與作息,b13z2,LABR
2002,高中,請問您上學期的成績占全班排名為_,b14,LABS
2002,高中,平均每天花多少時間和父親聊天?,b15a,B15A
2002,高中,平均每天花多少時間和母親聊天?,b15b,B15B
2002,高中,平均每天花多少時間閱讀報紙?,b16,LABT
2002,高中,平均每天花多少時間看電視?,b17,LABU
2002,高中,平均每天花多少時間上網?,b18,LABV
2002,高中,在您畢業後，您打算做什麼?,b19,LABW
2002,高中,請問您打算唸什麼樣的學校?,b20a,B20A
2002,高中,請問您打算唸什麼樣的科系?,b20b,LABG
2002,高中,當您畢業後能接受的最低月薪為多_,b21a,LABX
2002,高中,在畢業後，你估計大概月收入會有多,b21b,LABX
2002,高中,您上二專/三專/技術學院/大學後是,b22a,LABC
2002,高中,您何時上二專/三專/技術學院/大學,b22b,LABD
2002,高中,請問您如何進二專/三專/技術學院/,b23,B23F
2002,高中,你就讀的學校在哪一個地區?,b24a1,LABH
2002,高中,台灣:縣市鄉鎮市區，學校.台灣外:_,b24a2,LABI
2002,高中,請問您就讀的學校是公立還是私立?,b24b,LABJ
2002,高中,請問您唸的是什麼科系?,b24c,LABG
2002,高中,選志願時，下列人對您影響程度?(a),b25z1,LABY
2002,高中,(b)您的母親,b25z2,LABY
2002,高中,(c)老師,b25z3,LABY
2002,高中,(d)朋友或同學,b25z4,LABY
2002,高中,當初您在選志願時，最主要考慮的因,b26,B26F
2002,高中,請問您在學校時有沒有下列經驗?(0,b27z1,LABZ
2002,高中,(02)輔系,b27z2,LABZ
2002,高中,(03)教育學程,b27z3,LABZ
2002,高中,(04)重考,b27z4,LABZ
2002,高中,(05)重修,b27z5,LABZ
2002,高中,(06)轉系,b27z6,LABZ
2002,高中,(07)延畢,b27z7,LABZ
2002,高中,(97)其他(請說明)___,b27z8,LABZ
2002,高中,請問您在學校有沒有參加社團?,b28a,LABZ
2002,高中,您參加的是哪一類社團?(1)康樂性_,b28b1,LABC
2002,高中,(2)服務性質,b28b2,LABC
2002,高中,(3)技能性質,b28b3,LABC
2002,高中,(4)聯誼性質,b28b4,LABC
2002,高中,(5)學術性質,b28b5,LABC
2002,高中,(7)其他(請說明)____,b28b6,LABC
2002,高中,您在學校是否準備過以下考試?(1)_,b29z1,LABC
2002,高中,(2)研究所,b29z2,LABC
2002,高中,(3)留學(含托福.GRE.GMAT等),b29z3,LABC
2002,高中,高普考,b29z4,LABC
2002,高中,技術執照,b29z5,LABC
2002,高中,其他(請說明)___,b29z6,LABC
2002,高中,您有沒有為了上面的考試去補習?,b30a,LABZ
2002,高中,您為了補習總共花了多少錢?大約 _,b30b,B30B
2002,高中,您在學校時平均成績大約在全班的_,b31,LABS
2002,高中,您是否通過政府或學校辦的專業技_,b32,LABK
2002,高中,請問您是已經畢業或肄業，還是正在,b33z1,LABL
2002,高中,若畢業，民國____年.若肄業，民國__,b33z2,LABD
2002,高中,請問在過去一學期，您是不是住在家,b34a1,LABC
2002,高中,若住外面，與家裡的交通時間約__小,b34a2,LABD
2002,高中,請問您是住在哪裡?,b34b,LABM
2002,高中,過去一學期，有無打工經驗?(1)從未,b35z1,LABZ
2002,高中,(2)在學期中打工，平均每週工作不_,b35z2,LABZ
2002,高中,(3)在學期中打工，平均每週工作15_,b35z3,LABZ
2002,高中,(4)寒暑假打工,b35z4,LABZ
2002,高中,(7)其他(請說明)____,b35z5,LABZ
2002,高中,過去一學期，您的學費及膳宿費由誰,b36,LABN
2002,高中,學習過程中，您遭遇的困難程度?(a),b37z1,LABR
2002,高中,(b)很難配合學校的規定與作息,b37z2,LABR
2002,高中,您在學期中，平均每天花多少時間閱,b38,LABT
2002,高中,您在學期中，平均每天花多少時間看,b39,LABU
2002,高中,您在學期中，平均每天花多少時間上,b40,LABV
2002,高中,您畢業後的計劃，下列影響程度?(a),b41z1,LABAA
2002,高中,(b)您的母親,b41z2,LABAA
2002,高中,(c)老師,b41z3,LABAA
2002,高中,(d)朋友或同學,b41z4,LABAA
2002,高中,學校你最親近的朋友是否大都準備_,b42,LABQ
2002,高中,在您畢業後，您打算做什麼?,b43,LABW
2002,大學,請問您打算唸哪一類的科系/研究所,b44a,LABG
2002,大學,您畢業後，能接受的最低月薪為何?,b44b,LABX
2002,大學,您畢業後，估計大概月收入會有多少,b44c,LABX
2002,問卷資訊,請問您今年是第一次接受我們的訪_,c01,LABC
2002,工作,請問您目前有工作嗎?,c02,LABZ
2002,工作,從前年八月到這次訪問，您工作有改,c03a,LABAB
2002,工作,繼續去年工作，職位或內容有變嗎?(,c03b1,LABZ
2002,工作,(2)工作地點改變,c03b2,LABZ
2002,工作,(3)工作內容改變,c03b3,LABZ
2002,工作,(4)沒有改變,c03b4,LABZ
2002,工作,請問您是否自願離開原來的工作單_,c04a,LABC
2002,工作,請問您自願來開原來工作單位的原_,c04b,LABAC
2002,工作,請問您非自願離開原來工作單位原_,c04c,LABAD
2002,工作,請問您目前是在_______公司/單位,c05a1,LABA
2002,工作,從事______工作，詳細職業名稱是__,c05a2,LABAE
2002,工作,請問您是為誰工作?,c05b,LABAF
2002,工作,您這份工作的公司約有多少員工?,c05c,LABAG
2002,工作,下列對於您選工作的重要度?(a)優_,c05d1,LABAH
2002,工作,(b)工作穩定而且持久,c05d2,LABAH
2002,工作,(c)使我感到重要而且有興趣的工作,c05d3,LABAH
2002,工作,(d)工作的自主性高,c05d4,LABAH
2002,工作,(e)工作具挑戰性且富有變化,c05d5,LABAH
2002,工作,您這份工作的地點是在哪裡?,c06a1,LABAI
2002,工作,若為台灣，____縣市_____鄉鎮市區,c06a2,LABA
2002,工作,平常每天上下班共需時?約___分鐘,c06b,LABA
2002,工作,您這份工作是以何種方式找到的?,c07,LABAJ
2002,工作,您工作收入是領固定薪水? (1)定期,c08a1,LABZ
2002,工作,每月平均約_____元,c08a2,LABAK
2002,工作,(2)業績獎金，分紅等不固定的收入,c08a3,LABZ
2002,工作,每月平均約_____元,c08a4,LABAK
2002,工作,(3)其他來源________,c08a5,LABZ
2002,工作,每月平均約_____元,c08a6,LABAK
2002,工作,您這工作每月總收入大約多少?____,c08b,LABAK
2002,工作,您這工作每週大約做幾小時?____小,c09,LABA
2002,工作,除上面工作外，您還有其他兼差嗎?,c10,LABZ
2002,工作,您這份兼差是在______公司/單位,c11a1,LABA
2002,工作,從事____工作，詳細職業名稱是____,c11a2,LABAE
2002,工作,請問這份兼差工作是為誰工作?,c11b,LABAF
2002,工作,這份兼差平均每月的總收入大約多_,c11c,LABAK
2002,工作,您這份工作每週大約工作幾小時?__,c11d,LABA
2002,工作,請問您目前沒有工作的原因是什麼?,c12,LABAL
2002,工作,請問您過去這一個月內有沒有在找_,c13a1,LABZ
2002,工作,若有，到目前為止已找了___月,c13a2,LABD
2002,工作,____週,c13a3,LABD
2002,工作,您最主要用什麼方法找尋工作?,c13b,LABAM
2002,已婚+同居,請問您目前的婚姻狀況是怎樣的?,d01a,D01A
2002,已婚+同居,請問您是在哪一年結婚的?民國____,d01b,LABD
2002,已婚+同居,請問從前年八月後，您婚姻狀況有沒,d02,D02F
2002,已婚+同居,您的(先生/太太)是在哪一年出生?_,d03,LABD
2002,已婚+同居,請問(他/她)是哪裡人?,d04,D04F
2002,已婚+同居,請問您(先生/太太)的最高教育程度,d05a,LABF
2002,已婚+同居,請問您(先生/太太)的父親最高教育,d05b,LABF
2002,已婚+同居,請問您(先生/太太)目前的健康狀況,d06,LABB
2002,已婚+同居,請問您(先生/太太)目前有工作嗎?,d07,LABZ
2002,已婚+同居,前年到這次間，您(先生/太太)工作_,d08a,LABAB
2002,已婚+同居,如您(先生/太太)繼續去年工作(1)_,d08b1,LABZ
2002,已婚+同居,工作地點改變,d08b2,LABZ
2002,已婚+同居,工作內容改變,d08b3,LABZ
2002,已婚+同居,沒有改變,d08b4,LABZ
2002,已婚+同居,請問您（先生/太太）是否自願離開,d09a,LABC
2002,已婚+同居,請問您（先生/太太）自願離開原來,d09b,LABAC
2002,已婚+同居,請問您(先生/太太)非自願離開工作,d09c,LABAD
2002,已婚+同居,請問目前您(先生/太太)是在 _____,d10a1,LABA
2002,已婚+同居,從事_____工作，詳細職業名稱是___,d10a2,LABAE
2002,已婚+同居,請問您(先生/太太)是在為誰工作?,d10b,LABAF
2002,已婚+同居,您(先生/太太)這工作公司有多少員,d10c,LABAG
2002,已婚+同居,您(先生/太太)這份工作的地點是在,d11a1,LABAI
2002,已婚+同居,若為台灣，____縣(市)_____鄉鎮市_,d11a2,LABA
2002,已婚+同居,您(先生/太太)上下班需多少時間?_,d11b,LABA
2002,已婚+同居,您(先生/太太)這工作是以何種方式,d12,LABAJ
2002,已婚+同居,您(先生/太太)這工作每月總收入約,d13,LABAK
2002,已婚+同居,您(先生/太太)每週工作幾小時?___,d14,LABA
2002,已婚+同居,請問您(先生/太太)目前沒工作的原,d15,LABAL
2002,已婚+同居,請問您(先生/太太)過去一個月有沒,d16a1,LABZ
2002,已婚+同居,若有，到目前為止已找了___月,d16a2,LABD
2002,已婚+同居,____週,d16a3,LABD
2002,已婚+同居,您(先生/太太)最主要用什麼方法找,d16b,LABAM
2002,新婚者,請問您結婚的時候，男方是否準備聘,d17a1,LABAN
2002,新婚者,若是:當時大約是____元,d17a2,LABAK
2002,新婚者,女方是否準備嫁妝?,d17b1,LABAN
2002,新婚者,若是:當時折合現金大約是____元,d17b2,LABAK
2002,新婚者,請問您與您的(先生/太太)是如何認,d18,D18F
2002,新婚者,請問當初您的父母是否贊成這門親_,d19,D19F
2002,價值觀,下列對自己重要性?1.對父母養育心,e01,LABAO
2002,價值觀,無論父母對你如何不好，仍然善待他,e02,LABAO
2002,價值觀,放棄個人的志向，達成父母的心願,e03,LABAO
2002,價值觀,兒子結婚後和父母住在一起,e04,LABAO
2002,價值觀,奉養父母使他們生活更為舒適,e05,LABAO
2002,價值觀,為了顧及父母的面子，為他們說些好,e06,LABAO
2002,價值觀,為了傳宗接代，至少生一個兒子,e07,LABAO
2002,價值觀,做些讓家族感到光彩的事,e08,LABAO
2002,價值觀,女兒結婚後常回娘家探望父母,e09,LABAO
2002,價值觀,為了子女，無論如何不應該離婚,e10,LABAO
2002,價值觀,丈夫的責任是賺錢養家，太太是照料,e11,LABAO
2002,移民,您在未來有無移民到台灣以外地區_,f01,LABZ
2002,移民,您打算移民的主要原因是什麼?,f02,F02F
2002,移民,您有無以下親人定居他國?(1)父母_,f03z1,LABZ
2002,移民,(2)子女,f03z2,LABZ
2002,移民,(3)兄弟姊妹或配偶的兄弟姊妹,f03z3,LABZ
2002,移民,(4)其他親人,f03z4,LABZ
2002,搬遷,請問您去年一年有沒有搬家?,f04,LABZ
2002,搬遷,您搬家的主要原因是什麼?,f05,F05F
2002,工作,過去一年您有無需搬家的工作變動_,f06,F06F
2002,同住人口,請問您平常是否與父母同住?,f07a,LABC
2002,同住人口,請問您目前與誰同住?(1)您的配偶_,f07b1,LABD
2002,同住人口,(2)已婚兄弟__人,f07b2,LABD
2002,同住人口,(3)已婚姊妹__人,f07b3,LABD
2002,同住人口,(4)兒子__人,f07b4,LABD
2002,同住人口,(5)女兒__人,f07b5,LABD
2002,同住人口,(6)祖父母__人,f07b6,LABD
2002,同住人口,(7)配偶祖父母__人,f07b7,LABD
2002,同住人口,(8)未婚兄弟__人,f07b8,LABD
2002,同住人口,(9)未婚姊妹__人,f07b9,LABD
2002,同住人口,(10)配偶父母__人,f07b10,LABD
2002,同住人口,(11)同學__人,f07b11,LABD
2002,同住人口,(12)朋友__人,f07b12,LABD
2002,同住人口,(13)其他親屬__人,f07b13,LABD
2002,同住人口,(14)其他__人,f07b14,LABD
2002,居住地,您目前住的房子是誰的?,f08a,F08A
2002,居住地,租金每月多少?____千元,f08b,LABA
2002,居住地,請問您有沒有打算在兩年內搬家?,f08c,LABZ
2002,居住地,您父母是否曾將土地、房屋等家產_,f08d,F08D
2002,接受資助,在去年中，您是否曾領去政府失業保,f09a1,LABC
2002,接受資助,若是，自__月份,f09a2,LABD
2002,接受資助,領到__月份,f09a3,LABD
2002,接受資助,過去一年，您父母有沒有給您零用_,f09b1,LABZ
2002,接受資助,若有，平均每個月大約____元,f09b2,LABAK
2002,接受資助,過去一年，您有無給您父母零用金ˋ,f09c1,LABZ
2002,接受資助,若有，平均每個月大約____元,f09c2,LABAK
2002,接受資助,去年中，您是否從下列得到資助?(1),f10z1,LABC
2002,接受資助,(2)配偶的兄弟姊妹,f10z2,LABC
2002,接受資助,(3)其他親戚,f10z3,LABC
2002,接受資助,(4)朋友或同事,f10z4,LABC
2002,接受資助,過去一年，配偶父母有無給您零用金,f10a1,LABZ
2002,接受資助,若有，平均每個月大約____元,f10a2,LABAK
2002,接受資助,過去一年，您有無給配偶父母零用金,f10b1,LABZ
2002,接受資助,若有，平均每個月大約____元,f10b2,LABAK
2002,家務分工,請問您每週大約花多少時間幫忙做_,g01,LABD
2002,政府補助,去年中，您配偶是否曾領去政府失業,g02z1,LABC
2002,政府補助,若是，自__月份,g02z2,LABD
2002,政府補助,領到__月份,g02z3,LABD
2002,政府補助,去年中，您家庭自政府補助大約多少,g03,LABAK
2002,家庭收支,去年中，您家每月支出情況?房屋貸_,g04a,LABAK
2002,家庭收支,標會支出活會平均每月____元,g04b1,LABAK
2002,家庭收支,死會平均每月____元,g04b2,LABAK
2002,家庭收支,保姆或幫傭支出平均每月____元,g04c,LABAK
2002,家庭收支,飲食支出(包括家中飲食與外出飲食,g04d,LABAK
2002,家庭收支,娛樂消遣(包括旅遊，休閒書報等)__,g04e,LABAK
2002,家庭收支,每個月的平均儲蓄(不含標會)_____,g04f,LABAK
2002,家庭收支,過去一年，下列支出:人壽或商業醫_,g05a,LABAK
2002,家庭收支,家俱與家庭耐久設備____元,g05b,LABAK
2002,家庭收支,衣著費用____元,g05c,LABAK
2002,家庭收支,教育費用____元,g05d,LABAK
2002,家庭收支,醫療費用____元,g05e,LABAK
2002,家庭收支,紅白帖費用____元 ;,g05f,LABAK
2004,問卷資訊,問卷類別,X04A,X04A
2004,問卷資訊,主樣本年齡層,X04B,X04B
2004,問卷資訊,訪問時段,X04C,X04C
2004,居住地,現住地址,X09,LABB
2004,與戶長關係,受訪者與戶長之關係,X11,X11F
2004,基本資料,性別,A01,A01F
2004,基本資料,請問您民國幾年出生?民國___年,A02,LABC
2004,基本資料,請問您的出生地是,A03Z01,A03Z01F
2004,基本資料,出生地地區碼,A03Z02,LABB
2004,健康及精神狀況,請問您認為自己目前的健康狀況如何?,A04A,LABD
2004,健康及精神狀況,請問您是否有身體或精神上的疾病會讓您工作或行動不便?,A04B,LABE
2004,當兵,請問您有沒有在軍中服過役?,A05A,LABF
2004,當兵,民國__年入伍,A05B01,LABC
2004,當兵,民國__年退伍,A05B02,LABC
2004,教育程度,請問您的父母是否滿意您目前的教育程度?,B01A,B01A
2004,教育程度,請問就您目前的環境和能力，您覺得您可以讀到什麼程度?,B01B,LABG
2004,教育程度,如果沒有環境和能力的限制，您希望讀書讀到什麼程度?,B01C,LABG
2004,教育程度,請問您最高的教育程度是什麼?,B02,B02F
2004,高中,請問您過去一年是否轉過學?,B03A,LABE
2004,高中,請問您是什麼時候開始上高中/高職/五專?民國__年,B03B,LABC
2004,高中,請問您是如何進入高中/高職/五專的?,B04,B04F
2004,高中,請問您唸的是什麼樣的學校?,B05,B05F
2004,高中,請問您唸的是什麼科?(以目前就讀或畢業的學校為主),B06,LABH
2004,高中,您就讀的學校是在哪一個地區?,B07A01,LABI
2004,高中,學校名稱__,B07A02,LABJ
2004,高中,請問您就讀的學校是公立還是私立?,B07B,LABK
2004,高中,請問您是否取得技術士證書?,B07C,LABE
2004,高中,請問您是否通過政府或學校所辦的專案技能檢定(以最高等級為主)?,B07D,LABL
2004,高中,請問您是已經畢業(或肄業)，還是正在就學?,B07E01,LABM
2004,高中,若畢業，畢業於民國__年;若肄業，肄業於民國__年;若正在就學，目前__年級,B07E02,LABC
2004,高中,請問過去一個學期，您是不是住在家裡?,B08A01,LABN
2004,高中,若不是，則住在外面與家裡的交通時間約需__分鐘,B08A02,LABO
2004,高中,請問您是住在哪裡?,B08B,LABP
2004,高中,請問您在過去一學期，是否沒有打過工?,B09Z01,LABE
2004,高中,請問您在過去一學期，是否在學期中打工，平均每週工作不滿15小時?,B09Z02,LABE
2004,高中,請問您在過去一學期，是否在學期中打工，平均每週工作15小時以上?,B09Z03,LABE
2004,高中,請問您在過去一學期，是否寒暑假打工?,B09Z04,LABE
2004,高中,請問您在過去一學期，是否有其他打工經驗?,B09Z05,LABE
2004,高中,在過去一學期，您的學費及膳宿費用主要是由誰負擔?,B10,LABQ
2004,高中,我的父親會關注我在學校的表現,B11A,LABR
2004,高中,我的母親會關注我在學校的表現,B11B,LABR
2004,高中,我的父親總是知道我的行蹤和活動,B11C,LABR
2004,高中,我的母親總是知道我的行蹤和活動,B11D,LABR
2004,高中,我的父母會因為我的學校成績而獎勵我,B11E,LABR
2004,高中,我的父母會因為我的學校成績而懲罰我,B11F,LABR
2004,高中,在過去一學期，您是否會和您的父親討論求學計劃?,B12A01,LABS
2004,高中,在過去一學期，您是否會和您的母親討論求學計劃?,B12A02,LABS
2004,高中,在過去一學期，您是否會和老師討論求學計劃?,B12A03,LABS
2004,高中,在過去一學期，您是否會和朋友或同學討論求學計劃?,B12A04,LABS
2004,高中,在過去一學期，您是否會和兄弟姊妹討論求學計劃?,B12A05,LABS
2004,高中,請您想一下，學校裡和您最親近的朋友中是否大部分準備繼續升學?,B12B,LABT
2004,高中,在過去一學期學習過程中，您曾遭遇下列困難的程度為何?課程太難,B13A,LABU
2004,高中,在過去一學期學習過程中，您曾遭遇下列困難的程度為何?很難配合學校的規定與作息,B13B,LABU
2004,高中,請問您上學期的成績大概佔全班排名為何?,B14,LABV
2004,高中,請問您在學期中時，平均每天花多少時間和父親聊天(包含用電話，電腦)?,B15A,B15A
2004,高中,請問您在學期中時，平均每天花多少時間和母親聊天(包含用電話，電腦)?,B15B,B15B
2004,高中,請問您在學期中，平均每天花多少時間閱讀報紙(含電子報)?,B16,LABW
2004,高中,請問您在學期中，平均每天花多少時間看電視?,B17,LABX
2004,高中,請問您在學期中，平均每天花多少時間上網?,B18,LABY
2004,高中,請問您過去一學期是否擔任過班級幹部?,B19,LABE
2004,高中,請問您在過去一學期有沒有參加學校裡的社團，學生會或其他的學生組織?,B20,LABF
2004,高中,請問您參加了幾個社團或學生組織?__個,B21,LABC
2004,高中,請問您是否擔任幹部?,B22,LABE
2004,高中,您擔任社團或組織幹部，通常要帶領多少人?__人,B23,LABZ
2004,高中,請問您在擔任幹部的組織或社團人數最多為多少人?__人,B24,LABAA
2004,高中,在您高中/高職/五專畢業後，打算作什麼?,B25,B25F
2004,高中,請問您打算念什麼樣的學校?,B26A,B26A
2004,高中,請問您打算念什麼樣的科系?,B26B,LABH
2004,高中,當您自高中/高職/五專畢業後，您若開始工作的話，能接受的最低月薪為多少?,B27A,LABAB
2004,高中,在高中/高職/五專畢業後，您若開始工作的話，您估計大概月收入會有多少?,B27B,LABAB
2004,大學,請問您上二專/三專/技術學院(科技大學)/大學後是否有轉學?,B28A,LABF
2004,大學,請問您是什麼時候開始上二專/三專/技術學院(科技大學)/大學的?民國__年,B28B,LABC
2004,大學,請問您是如何進入二專/三專/技術學院(科技大學)/大學的?,B29,B29F
2004,大學,您就讀的學校是在哪一個地區?,B30A01,LABI
2004,大學,學校名稱__,B30A02,LABJ
2004,大學,請問您就讀的學校是公立還是私立?,B30B,LABK
2004,大學,請問您唸的是什麼科系?,B30C,LABH
2004,大學,當初在您選填志願時，您的父親對您的影響程度為何?,B31A,LABAC
2004,大學,當初在您選填志願時，您的母親對您的影響程度為何?,B31B,LABAC
2004,大學,當初在您選填志願時，老師對您的影響程度為何?,B31C,LABAC
2004,大學,當初在您選填志願時，朋友或同學對您的影響程度為何?,B31D,LABAC
2004,大學,當初在您選填志願時，兄弟姊妹對您的影響程度為何?,B31E,LABAC
2004,大學,當初您在選填志願時，最主要考慮的因素是哪一項?,B32,B32F
2004,大學,請問您在學校時有沒有雙修的經驗?,B33Z01,LABF
2004,大學,請問您在學校時有沒有輔系的經驗?,B33Z02,LABF
2004,大學,請問您在學校時有沒有教育學程的經驗?,B33Z03,LABF
2004,大學,請問您在學校時有沒有重考的經驗?,B33Z04,LABF
2004,大學,請問您在學校時有沒有重修的經驗?,B33Z05,LABF
2004,大學,請問您在學校時有沒有轉系或轉學的經驗?,B33Z06,LABF
2004,大學,請問您在學校時有沒有延畢的經驗?,B33Z07,LABF
2004,大學,請問您在學校時有沒有其他__的經驗?,B33Z08,LABF
2004,大學,請問您在學校時有沒有參加社團?,B34A,LABF
2004,大學,您參加的是康樂性質社團?,B34B01,LABE
2004,大學,您參加的是服務性質社團?,B34B02,LABE
2004,大學,您參加的是技能性質社團?,B34B03,LABE
2004,大學,您參加的是聯誼性質社團?,B34B04,LABE
2004,大學,您參加的是學術性質社團?,B34B05,LABE
2004,大學,您參加的是其他__社團?,B34B06,LABE
2004,大學,請問您在學校時是否準備過技術學院/大學插班考試?,B35Z01,LABE
2004,大學,請問您在學校時是否準備過研究所考試?,B35Z02,LABE
2004,大學,請問您在學校時是否準備過留學(含托福，GRE，GMAT)考試?,B35Z03,LABE
2004,大學,請問您在學校時是否準備過高普考?,B35Z04,LABE
2004,大學,請問您在學校時是否準備過技術執照考試?,B35Z05,LABE
2004,大學,請問您在學校時是否準備過其他__考試?,B35Z06,LABE
2004,大學,您有沒有為了上面的考試去補習?,B36A,LABF
2004,大學,您為了補習總共花了多少錢?大約__元,B36B,B36B
2004,大學,請問您在學校時平均成績大約在全班的什麼位置?,B37,LABV
2004,大學,請問您是否通過政府或學校所辦的專案技能檢定?,B38,LABL
2004,大學,請問您是已經畢業(或肄業)，還是正在就學?,B39Z01,LABM
2004,大學,若畢業，畢業於民國__年;若肄業，肄業於民國__年;若正在就學，__年級,B39Z02,LABC
2004,大學,請問在過去的一學期您是不是住在家裡?,B40A01,LABN
2004,大學,若不是，住在外面，與家裡的交通時間約需分鐘?,B40A02,LABO
2004,大學,請問您是住在哪裡?,B40B,LABP
2004,大學,請問您在過去一學期，從未打過工?,B41Z01,LABF
2004,大學,請問您在過去一學期，在學期中打工，平均每週工作不滿15小時?,B41Z02,LABF
2004,大學,請問您在過去一學期，在學期中打工，平均每週工作15小時以上?,B41Z03,LABF
2004,大學,請問您在過去一學期，寒暑假打工?,B41Z04,LABF
2004,大學,請問您在過去一學期，其他__打工經驗?,B41Z05,LABF
2004,大學,在過去一學期，您的學費及膳宿費用主要是由誰負擔?,B42,LABQ
2004,大學,在過去一學期學習過程中，您曾遭遇下列困難的程度為何?課程太難,B43A,LABU
2004,大學,在過去一學期學習過程中，您曾遭遇下列困難的程度為何?很難配合學校的規定與作息,B43B,LABU
2004,大學,請問您在學期中，平均每天花多少時間閱讀報紙(含電子報)?,B44,LABW
2004,大學,請問您在學期中，平均每天花多少時間看電視?,B45,LABX
2004,大學,請問您在學期中，平均每天花多少時間上網?,B46,LABY
2004,大學,請問您在過去一學期有沒有參加學校裡的社團，學生會或其他的學生組織?,B47,LABF
2004,大學,請問您參加了幾個社團或學生組織?__個,B48,LABC
2004,大學,請問您是否擔任幹部?,B49,LABE
2004,大學,您擔任社團或組織幹部，通常要帶領多少人?__人,B50,LABZ
2004,大學,請問您在擔任幹部的組織或社團人數最多為多少人?__人,B51,LABAA
2004,大學,請問您在過去一年內是否有參加過義工服務性質的活動?,B52,LABAD
2004,大學,請問您過去一年平均一個月參加幾次義工服務?__次,B53,B53F
2004,大學,對您二專/三專/技術學院(科技大學)大學/研究所畢業後的計畫，您的父親的影響程度為何?,B54A,LABAE
2004,大學,對您二專/三專/技術學院(科技大學)大學/研究所畢業後的計畫，您的母親的影響程度為何?,B54B,LABAE
2004,大學,對您二專/三專/技術學院(科技大學)大學/研究所畢業後的計畫，老師的影響程度為何?,B54C,LABAE
2004,大學,對您二專/三專/技術學院(科技大學)大學/研究所畢業後的計畫，朋友或同學的影響程度為何?,B54D,LABAE
2004,大學,對您二專/三專/技術學院(科技大學)大學/研究所畢業後的計畫，兄弟姊妹的影響程度為何?,B54E,LABAE
2004,大學,請您想一下，學校裡和您最親近的朋友是否大部分都準備繼續升學?,B55,LABT
2004,大學,在您二專/三專/技術學院(科技大學)大學/研究所畢業後，您打算做什麼?,B56,B56F
2004,大學,請問您打算(或目前)唸哪一類的科系/研究所?,B57A,LABH
2004,大學,當您二專/三專/技術學院(科技大學)大學/研究所畢業後，若開始工作，能接受的最低月薪為?,B57B,LABAB
2004,大學,在二專/三專/技術學院(科技大學)/大學/研究所畢業後，若開始工作，估計大概月收入有多少?,B57C,LABAB
2004,問卷資訊,請問您今年是第一次接受我們的訪問嗎?,C01,LABN
2004,工作,請問您目前有工作嗎?,C02,C02F
2004,工作,請問從我們91年一月訪問到這次訪問的期間，您的工作情況有改變嗎?,C03A,C03A
2004,工作,如果您繼續從事去年的工作，請問您的職位有改變嗎?,C03B01,LABF
2004,工作,如果您繼續從事去年的工作，請問您的工作地點有改變嗎?,C03B02,LABF
2004,工作,如果您繼續從事去年的工作，請問您的工作內容有改變嗎?,C03B03,LABF
2004,工作,如果您繼續從事去年的工作，請問您沒有改變嗎?,C03B04,LABF
2004,工作,請問您是否自願離開原來的工作單位?,C04A,LABE
2004,工作,請問您自願離開原來工作單位的原因是什麼?,C04B,LABAF
2004,工作,請問您非自願離開原來工作單位的原因是什麼?,C04C,LABAG
2004,工作,請問目前您是在__公司/單位?,C05A01,LABAH
2004,工作,從事__工作，詳細職業名稱是__,C05A02,LABAI
2004,工作,請問您是在為誰工作?,C05B,LABAJ
2004,工作,您這份工作的公司約有多少位員工?,C05C,LABAK
2004,工作,在您規劃工作生涯時，優厚的起薪或調薪對於您選擇工作的重要程度如何?,C05D01,LABAL
2004,工作,在您規劃工作生涯時，工作穩定而且持久對於您選擇工作的重要程度如何?,C05D02,LABAL
2004,工作,在您規劃工作生涯時，使我感到重要而且有興趣的工作對於您選擇工作的重要程度如何?,C05D03,LABAL
2004,工作,在您規劃工作生涯時，工作的自主性高對於您選擇工作的重要程度如何?,C05D04,LABAL
2004,工作,在您規劃工作生涯時，工作具挑戰性而且富有變化對於您選擇工作的重要程度如何?,C05D05,LABAL
2004,工作,您這份工作的地點是在那裡?,C06A01,LABAM
2004,工作,工作地點之地區碼,C06A02,LABB
2004,工作,平常您每天上下班總共需要多少交通時間?約__分鐘?,C06B,C06B
2004,工作,您的這份工作是以何種方式找到的?,C07,C07F
2004,工作,您這份工作收入是按小時，按月等方式定期領薪水?,C08A01,LABAD
2004,工作,每月平均約__元,C08A02,LABAN
2004,工作,您這份工作收入是業績獎金，分紅等不固定的收入?,C08A03,LABAD
2004,工作,每月平均約__元,C08A04,LABAN
2004,工作,您這份工作收入是其他來源__?,C08A05,LABAD
2004,工作,每月平均約__元,C08A06,LABAN
2004,工作,您這份工作平均每個月的總收入大約有多少?__元,C08B,LABAN
2004,工作,在正常的情形下，您這份工作平均每週大約工作幾個小時?__小時,C09,LABO
2004,工作,除了上面所談到的這份工作之外，您目前還有其他的兼差嗎?,C10,LABF
2004,工作,請問這份兼差工作是在__公司/單位,C11A01,LABAH
2004,工作,從事__工作，詳細職業名稱是__,C11A02,LABAI
2004,工作,請問這份兼差是在為誰工作?,C11B,LABAJ
2004,工作,這份兼差平均每個月的總收入大約有多少?__元,C11C,LABAN
2004,工作,在正常的情形下，您這份兼差平均每週大約工作幾個小時?__小時,C11D,C11D
2004,工作,請問您目前沒有工作的原因是什麼?,C12,LABAO
2004,工作,請問您過去這一個月之內有沒有在找工作?,C13A01,LABF
2004,工作,若有，到目前為止已找了__月,C13A02,LABC
2004,工作,又__週,C13A03,LABC
2004,工作,您最主要用什麼方法找尋工作?,C13B,C13B
2004,婚姻狀況,請問您目前的婚姻狀況是怎樣的?,D01A,D01A
2004,婚姻狀況,請問您是在哪一年結婚的?民國__年,D01B,LABC
2004,婚姻狀況,請問從我們91年一月訪問您以後，您個人的婚姻狀況有沒有改變?情形是怎樣的呢?,D02,D02F
2004,已婚+同居,請問您的(先生/太太)是在哪一年出生的?民國__年,D03,LABC
2004,已婚+同居,請問(他/她)是哪裡人?,D04,D04F
2004,已婚+同居,請問您(先生/太太)的最高教育程度是什麼?,D05A,LABAP
2004,已婚+同居,請問您(先生/太太)的父親最高教育程度是什麼?,D05B,LABAP
2004,已婚+同居,請問您(先生/太太)目前的健康狀況如何?,D06,LABD
2004,已婚+同居,請問您(先生/太太)目前有工作嗎?,D07,LABF
2004,已婚+同居,請問從我們91年一月訪問到這次訪問的期間，您(先生/太太)的工作情況有改變嗎?,D08A,D08A
2004,已婚+同居,如果您(先生/太太)繼續從事去年的工作，請問您(先生/太太)的職位有改變嗎?,D08B01,LABF
2004,已婚+同居,如果您(先生/太太)繼續從事去年的工作，請問您(先生/太太)的工作地點有改變嗎?,D08B02,LABF
2004,已婚+同居,如果您(先生/太太)繼續從事去年的工作，請問您(先生/太太)的工作內容有改變嗎?,D08B03,LABF
2004,已婚+同居,如果您(先生/太太)繼續從事去年的工作，請問您(先生/太太)沒有改變嗎?,D08B04,LABF
2004,已婚+同居,請問您(先生/太太)是否自願離開原來的工作單位?,D09A,LABE
2004,已婚+同居,請問您(先生/太太)自願離開原來工作單位的原因是什麼?,D09B,LABAF
2004,已婚+同居,請問您(先生/太太)非自願離開原來工作單位的原因是什麼?,D09C,LABAG
2004,已婚+同居,請問目前您(先生/太太)是在__公司/單位?,D10A01,LABAH
2004,已婚+同居,從事__工作，詳細職業名稱是__,D10A02,LABAI
2004,已婚+同居,請問您(先生/太太)是在為誰工作?,D10B,LABAJ
2004,已婚+同居,您(先生/太太)這份工作的公司約有多少位員工?,D10C,LABAK
2004,已婚+同居,您(先生/太太)這份工作的地點是在那裡?,D11A01,LABAM
2004,已婚+同居,工作地點地區碼,D11A02,LABB
2004,已婚+同居,平常您(先生/太太)每天上下班總共需要多少交通時間?約__分鐘,D11B,LABZ
2004,已婚+同居,您(先生/太太)的這份工作是以何種方式找到的?,D12,D12F
2004,已婚+同居,您(先生/太太)這份工作平均每個月的總收入大約有多少?__元,D13,LABAN
2004,已婚+同居,在正常的情形下，您(先生/太太)這份工作平均每週大約工作幾個小時?__小時,D14,LABAA
2004,已婚+同居,請問您(先生/太太)目前沒有工作的原因是什麼?,D15,LABAO
2004,已婚+同居,請問您(先生/太太)過去這一個月之內有沒有在找工作?,D16A01,LABF
2004,已婚+同居,若有，到目前為止已找了__月,D16A02,LABC
2004,已婚+同居,又__週,D16A03,LABC
2004,已婚+同居,您(先生/太太)最主要用什麼方法找尋工作?,D16B,D16B
2004,新婚者,請問您結婚的時候，男方是否準備聘金?,D17A01,LABAQ
2004,新婚者,若是;當時大約是__元,D17A02,LABAR
2004,新婚者,女方是否準備嫁妝?,D17B01,LABAQ
2004,新婚者,若是;當時折合現金大約是__元,D17B02,LABAR
2004,新婚者,請問您與您的(先生/太太)是如何認識而結婚的?,D18,D18F
2004,新婚者,請問當初您的父母是否贊成這門親事?,D19,D19F
2004,價值觀,對父母的養育之恩心存感激(1代表不重要，5代表絕對重要),E01,LABAS
2004,價值觀,無論父母對你如何不好，仍然善待他們(1代表不重要，5代表絕對重要),E02,LABAS
2004,價值觀,放棄個人的志向，達成父母的心願(1代表不重要，5代表絕對重要),E03,LABAS
2004,價值觀,兒子結婚後和父母住在一起(1代表不重要，5代表絕對重要),E04,LABAS
2004,價值觀,奉養父母使他們生活更為舒適(1代表不重要，5代表絕對重要),E05,LABAS
2004,價值觀,為了顧及父母的面子，為他們說些好話(1代表不重要，5代表絕對重要),E06,LABAS
2004,價值觀,為了傳宗接代，至少生一個兒子(1代表不重要，5代表絕對重要),E07,LABAS
2004,價值觀,做些讓家族感到光彩的事(1代表不重要，5代表絕對重要),E08,LABAS
2004,價值觀,女兒結婚後常回娘家探望父母(1代表不重要，5代表絕對重要),E09,LABAS
2004,價值觀,為了子女，無論如何不應該離婚(1代表不重要，5代表絕對重要),E10,LABAS
2004,價值觀,丈夫的責任是賺錢養家，太太是照料家庭(1代表不重要，5代表絕對重要),E11,LABAS
2004,價值觀,結婚成家(1代表不重要，5代表絕對重要),E12,LABAS
2004,價值觀,儘量維持住一個婚姻(1代表不重要，5代表絕對重要),E13,LABAS
2004,價值觀,教導子女(兒童教養主要是家庭的責任)(1代表不重要，5代表絕對重要),E14,LABAS
2004,價值觀,家人感情好(1代表不重要，5代表絕對重要),E15,LABAS
2004,價值觀,家庭能幫助個人成長(1代表不重要，5代表絕對重要),E16,LABAS
2004,價值觀,賺足夠的錢養家(1代表不重要，5代表絕對重要),E17,LABAS
2004,價值觀,有困難時家人能出面幫忙(1代表不重要，5代表絕對重要),E18,LABAS
2004,移民,請問您在未來有沒有移民到台灣以外地區的打算?,F01,LABF
2004,移民,您打算移民的主要原因是什麼?,F02,F02F
2004,移民,您父母或配偶父母有沒有定居在台灣以外地區?,F03Z01,LABF
2004,移民,您子女有沒有定居在台灣以外地區?,F03Z02,LABF
2004,移民,您兄弟姊妹或配偶的兄弟姊妹有沒有定居在台灣以外地區?,F03Z03,LABF
2004,移民,您有沒有其他親人定居在台灣以外地區?,F03Z04,LABF
2004,搬遷,請問您去年一年有沒有搬家?,F04,LABF
2004,搬遷,您搬家的主要原因是什麼?,F05,F05F
2004,工作,請問過去一年您有沒有需要搬家的工作變動機會或新工作機會?,F06,F06F
2004,同住人口,請問您平常是否與父母同住?,F07A,F07A
2004,同住人口,請問你目前與誰同住?您的配偶__人,F07B01,LABAT
2004,同住人口,請問你目前與誰同住?已婚兄弟__人,F07B02,LABAT
2004,同住人口,請問你目前與誰同住?已婚姊妹__人,F07B03,LABAT
2004,同住人口,請問你目前與誰同住?兒子__人,F07B04,LABAT
2004,同住人口,請問你目前與誰同住?女兒__人,F07B05,LABAT
2004,同住人口,請問你目前與誰同住?祖父母__人,F07B06,LABAT
2004,同住人口,請問你目前與誰同住?配偶祖父母__人,F07B07,LABAT
2004,同住人口,請問你目前與誰同住?未婚兄弟__人,F07B08,LABAT
2004,同住人口,請問你目前與誰同住?未婚姊妹__人,F07B09,LABAT
2004,同住人口,請問你目前與誰同住?配偶父母__人,F07B10,LABAT
2004,同住人口,請問你目前與誰同住?同學__人,F07B11,LABAT
2004,同住人口,請問你目前與誰同住?朋友__人,F07B12,LABAT
2004,同住人口,請問你目前與誰同住?其他親屬__人,F07B13,LABAT
2004,同住人口,請問你目前與誰同住?其他__人,F07B14,LABAT
2004,居住地,您目前住的房子是誰的?,F08A,F08A
2004,居住地,租金每月多少?__千元,F08B,LABZ
2004,居住地,請問您有沒有打算在兩年之內搬家?,F08C,LABAD
2004,居住地,您的父母是否曾經將土地，房屋等家產分給子女?,F08D,F08D
2004,接受資助,在去年(1-12月份)之中，您是否曾經領取政府失業保險金?,F09A01,LABE
2004,接受資助,若是，自__月份,F09A02,LABC
2004,接受資助,領到__月份,F09A03,LABC
2004,接受資助,請問過去一年來，您父母有沒有給您零用金，生活費或節慶紅包?,F09B01,LABF
2004,接受資助,若有，平均每個月大約__元,F09B02,LABAR
2004,接受資助,請問過去一年來，您有沒有給您父母零用金，生活費或節慶紅包?,F09C01,LABF
2004,接受資助,若有，平均每個月大約__元,F09C02,LABAR
2004,接受資助,在去年之中，您是否曾經從兄弟姊妹得到資助或貸款?,F10Z01,LABE
2004,接受資助,在去年之中，您是否曾經從配偶的兄弟姊妹得到資助或貸款?,F10Z02,LABE
2004,接受資助,在去年之中，您是否曾經從其他親戚得到資助或貸款?,F10Z03,LABE
2004,接受資助,在去年之中，您是否曾經從朋友或同事得到資助或貸款?,F10Z04,LABE
2004,接受資助,請問過去一年來，您配偶父母有沒有給您零用金，生活費或節慶紅包?,F10A01,LABF
2004,接受資助,若有，平均每個月大約__元,F10A02,LABAR
2004,接受資助,請問過去一年來，您有沒有給您配偶父母零用金，生活費或節慶紅包?,F10B01,LABF
2004,接受資助,若有，平均每個月大約__元,F10B02,LABAR
2004,家務分工,請問您平均每週大約花多少時間幫忙做家務工作?__小時,G01,G01F
2004,已婚+同居,在去年(1-12月份)之中，您的配偶是否曾經領取政府失業保險金?,G02Z01,LABE
2004,已婚+同居,若是，自__月份,G02Z02,LABC
2004,已婚+同居,領到__月份,G02Z03,LABC
2004,政府補助,在去年之中，您家庭自政府得到的補助總計大約是多少?__元,G03,LABAN
2004,家庭收支,在過去一年裡，您家中房屋貸款支出平均每月__元?,G04A,LABAN
2004,家庭收支,在過去一年裡，您家中標會支出活會平均每月__元?,G04B01,LABAN
2004,家庭收支,在過去一年裡，您家中標會支出死會平均每月__元?,G04B02,LABAN
2004,家庭收支,在過去一年裡，您家中保姆或幫傭支出平均每月__元?,G04C,LABAN
2004,家庭收支,在過去一年裡，您家中飲食支出(包括家中飲食與外出飲食)平均每月__元?,G04D,LABAN
2004,家庭收支,在過去一年裡，您家中娛樂消遣(包括旅遊，休閒書報，康樂器材，入場門票等)平均每月__元?,G04E,LABAN
2004,家庭收支,在過去一年裡，您家中每個月的平均儲蓄(不含標會)平均每月__元?,G04F,LABAN
2004,家庭收支,請問您家中過去一年裡，人壽或商業醫療保險支出情況?__元,G05A,LABAN
2004,家庭收支,請問您家中過去一年裡，家俱與家庭耐久設備支出情況?__元,G05B,LABAN
2004,家庭收支,請問您家中過去一年裡，衣著費用支出情況?__元,G05C,LABAN
2004,家庭收支,請問您家中過去一年裡，教育費用支出情況?__元,G05D,LABAN
2004,家庭收支,請問您家中過去一年裡，醫療費用支出情況?__元,G05E,LABAN
2004,家庭收支,請問您家中過去一年裡，紅白帖費用支出情況?__元,G05F,LABAN
2004,問卷資訊,訪問結束時間__月,G06Z01,LABC
2004,問卷資訊,訪問結束時間__日,G06Z02,LABC
2004,問卷資訊,訪問結束時間__時,G06Z03,LABC
2004,問卷資訊,訪問結束時間__分 ;,G06Z04,LABC
2008,問卷資訊,問卷類別,x01a,x01a
2008,問卷資訊,訪問時段,x01c,x01c
2008,居住地,現居地址,x06,x06f
2008,與戶長關係,受訪者與戶籍地戶長之關係,x08,x08f
2008,基本資料,受訪者性別,a01,a01f
2008,基本資料,請問您是在哪一年出生的?出生年,a02z01,labb
2008,基本資料,請問您是在哪一年出生的?出生月,a02z02,labb
2008,問卷資訊,請問您是第一次接受我們的訪問嗎?,a03,a03f
2008,基本資料,請問您的出生地是:,a04z01,a04z01f
2008,基本資料,出生地地區碼,a04z02,a04z02f
2008,健康及精神狀況,請問您認為自己目前的健康狀況如何?,a05a,a05a
2008,健康及精神狀況,請問您是否有身體或精神上的疾病會讓您工作或行動不便?,a05b,a05b
2008,當兵,請問您有沒有當過兵?當兵指的是服義務役，做職業軍人不算,a06a,a06a
2008,當兵,請問您所服的兵役類型是什麼?,a06b,a06b
2008,當兵,請問您入伍年,a06c01,labc
2008,當兵,請問您入伍月,a06c02,a06c02f
2008,當兵,請問您退伍年,a06c03,labd
2008,當兵,請問您退伍月,a06c04,a06c04f
2008,教育程度,請問就您目前的環境和能力，您覺得您可以讀到什麼程度?,b01a,b01a
2008,教育程度,如果沒有環境和能力的限制，您希望讀書讀到什麼程度?,b01b,b01b
2008,教育程度,請問您最高的教育程度是什麼?,b02,b02f
2008,高中,請問您上高中/高職/五專後是否有轉學過?,b03a,b03a
2008,高中,請問您是什麼時候開始上高中/高職/五專?民國__年,b03b,labd
2008,高中,請問您是如何進入高中/高職/五專的?,b04,b04f
2008,高中,請問您唸的是什麼樣的學校?,b05,b05f
2008,高中,您就讀的學校是在哪一個地區?,b06z01,b06z01f
2008,高中,您就讀的學校的地區碼,b06z02,b06z02f
2008,高中,您就讀的學校的學校代碼,b06z03,b06z03f
2008,高中,請問您就讀的學校是公立還是私立?,b07a,b07a
2008,高中,請問您就讀的是進修部嗎?,b07b,b07b
2008,高中,請問您唸的是什麼科?,b07c,b07c
2008,高中,請問您是否取得技術士證書?,b07d,b07d
2008,高中,請問您是否通過政府或學校所辦的專案技能檢定?,b07e,b07e
2008,高中,請問您是已經畢業(或肄業)，還是正在就學?,b07f01,b07f01f
2008,高中,民國__年(年級),b07f02,b07f02f
2008,高中,請問在過去一學期，您是不是住在家裡?,b08a01,b08a01f
2008,高中,若住在外面，與家裡的交通時間單程約需__分鐘,b08a02,b08a02f
2008,高中,請問您上學期是住在那裡?,b08b,b08b
2008,高中,請問您在過去一學期，有沒有打工,b09z01,b09z01f
2008,高中,請問您在過去一學期，有在學期中打工，平均每週工作不滿15小時,b09z02,b09z02f
2008,高中,請問您在過去一學期，有在學期中打工，平均每週工作15小時以上,b09z03,b09z03f
2008,高中,請問您在過去一學期，有寒暑假打工,b09z04,b09z04f
2008,高中,請問您在過去一學期，有其他打工的經驗,b09z05,b09z05f
2008,高中,在過去一學期，您的學費及膳宿費用主要是由誰負擔?,b10,b10f
2008,高中,在過去一學期， 您是否同意我的父親會關注我在學校的表現,b11a,b11a
2008,高中,在過去一學期，您是否同意我的母親會關注我在學校的表現,b11b,b11b
2008,高中,在過去一學期，您是否同意我的父親總是知道我的行蹤和活動,b11c,b11c
2008,高中,在過去一學期，您是否同意我的母親總是知道我的行蹤和活動,b11d,b11d
2008,高中,在過去一學期，您是否同意我的父母會因為我的學校成績而獎勵我,b11e,b11e
2008,高中,在過去一學期，您是否同意我的父母會因為我的學校成績而懲罰我,b11f,b11f
2008,高中,在過去一學期，您是否會和您的父親討論求學計劃,b12a01,b12a01f
2008,高中,在過去一學期，您是否會和您的母親討論求學計劃,b12a02,b12a02f
2008,高中,在過去一學期，您是否會和老師討論求學計劃,b12a03,b12a03f
2008,高中,在過去一學期，您是否會和朋友或同學討論求學計劃,b12a04,b12a04f
2008,高中,在過去一學期，您是否會和兄弟姊妹討論求學計劃,b12a05,b12a05f
2008,高中,請您想一下，學校裡和您最親近的同學中是否大部分準備繼續升學?,b12b,b12b
2008,高中,在過去一學期學習過程中，您曾遭遇課程太難,b13a,b13a
2008,高中,在過去一學期學習過程中，您曾遭遇很難配合學校的規定與作息,b13b,b13b
2008,高中,請問您上學期的成績大概占全班中的排名為何?,b14,b14f
2008,高中,在過去一學期，請問您在學期中，平均每天花多少時間和父親聊天(包含用電話，電腦)?,b15a,b15a
2008,高中,請問您在學期中，平均每天花多少時間和母親聊天(包含用電話，電腦)?,b15b,b15b
2008,高中,請問您在學期中，平均每天花多少時間閱讀報紙?,b16a,b16a
2008,高中,請問您在學期中，平均每天花多少時間閱讀電子報?,b16b,b16b
2008,高中,請問您在學期中，平均每天花多少時間看電視節目?,b17,b17f
2008,高中,請問您在學期中，平均每天花多少時間上網?,b18,b18f
2008,高中,在您高中/高職/五專畢業後，您打算做什麼?,b19,b19f
2008,高中,請問您打算繼續唸什麼樣的學校?,b20a,b20a
2008,高中,請問您打算唸什麼樣的科系?,b20b,b20b
2008,高中,當您自高中/高職/五專畢業後，您若開始工作的話，能接受的最低月薪為多少?,b21a,b21a
2008,高中,在高中/高職/五專畢業後，您若開始工作的話，您估計大概月收入會有多少?,b21b,b21b
2008,大學,請問您上二專/三專/技術學院(科技大學)/大學後是否有轉學過?,b22a,b22a
2008,大學,請問您是什麼時候開始上二專/三專/技術學院(科技大學)/大學?民國__ 年,b22b,b22b
2008,大學,請問您是如何進入二專/三專/技術學院(科技大學)/大學的?,b23a,b23a
2008,大學,請問您唸的是什麼樣的學校?,b23b,b23b
2008,大學,您就讀的學校是在哪一個地區?,b24a01,b24a01f
2008,大學,您就讀的學校的地區碼,b24a02,b24a02f
2008,大學,您就讀的學校的學校代碼,b24a03,b24a03f
2008,大學,請問您就讀的學校是公立還是私立?,b24b,b24b
2008,大學,請問您就讀的是進修部嗎?,b24c,b24c
2008,大學,請問您唸的是什麼科系?,b24d,b24d
2008,大學,請問您是已經畢業(或肄業)，還是正在就學?,b25z01,b25z01f
2008,大學,民國__年(年級),b25z02,labc
2008,大學,請問在過去一學期，您是不是住在家裡?,b26a01,b26a01f
2008,大學,若住在外面，與家裡的交通時間單程約需__分鐘,b26a02,b26a02f
2008,大學,請問您上學期是住在那裡?,b26b,b26b
2008,大學,請問您在過去一學期，沒有打工,b27z01,labe
2008,大學,請問您在過去一學期，在學期中打工，平均每週工作不滿15小時,b27z02,labe
2008,大學,請問您在過去一學期，在學期中打工，平均每週工作15小時以上,b27z03,labe
2008,大學,請問您在過去一學期，寒暑假打工,b27z04,labe
2008,大學,請問您在過去一學期，有其他打工的經驗,b27z05,labe
2008,大學,在過去一學期，您的學費及膳宿費用主要是由誰負擔?,b28,b28f
2008,大學,在過去一學期學習過程中，您曾遭遇課程太難,b29a,b29a
2008,大學,在過去一學期學習過程中，您曾遭遇很難配合學校的規定與作息,b29b,b29b
2008,大學,請問您在學期中，平均每天花多少時間閱讀報紙?,b30a,b30a
2008,大學,請問您在學期中，平均每天花多少時間閱讀電子報?,b30b,b30b
2008,大學,請問您在學期中，平均每天花多少時間看電視節目?,b31,b31f
2008,大學,請問您在學期中，平均每天花多少時間上網?,b32,b32f
2008,大學,請問您在學期中，平均每天花多少時間參與社團活動?,b33,b33f
2008,大學,當初在您選填志願時，您的父親對您的影響程度為何,b34a,b34a
2008,大學,當初在您選填志願時，您的母親對您的影響程度為何,b34b,b34b
2008,大學,當初在您選填志願時，老師對您的影響程度為何,b34c,b34c
2008,大學,當初在您選填志願時，朋友或同學對您的影響程度為何,b34d,b34d
2008,大學,當初在您選填志願時，兄弟姊妹對您的影響程度為何,b34e,b34e
2008,大學,當初您在選填志願時，最主要考慮的因素是哪一項?,b35,b35f
2008,大學,請問您在學校時有沒有雙修的經驗,b36z01,labf
2008,大學,請問您在學校時有沒有輔系的經驗,b36z02,labf
2008,大學,請問您在學校時有沒有教育學程的經驗,b36z03,labf
2008,大學,請問您在學校時有沒有重考的經驗,b36z04,labf
2008,大學,請問您在學校時有沒有重修的經驗,b36z05,labf
2008,大學,請問您在學校時有沒有轉系或轉學的經驗,b36z06,labf
2008,大學,請問您在學校時有沒有延畢的經驗,b36z07,labf
2008,大學,請問您在學校時有沒有其他的經驗,b36z08,labf
2008,大學,請問您在學校時是否準備過技術學院/大學插班的考試,b37z01,labf
2008,大學,請問您在學校時是否準備過研究所的考試,b37z02,labf
2008,大學,請問您在學校時是否準備過留學(含托福，gre，gmat等) 的考試,b37z03,labf
2008,大學,請問您在學校時是否準備過高普考的考試,b37z04,labf
2008,大學,請問您在學校時是否準備過技術執照的考試,b37z05,labf
2008,大學,請問您在學校時是否準備過其他的考試,b37z06,b37z06f
2008,大學,您有沒有為了上面的考試去補習?,b38a,b38a
2008,大學,您為了補習總共花了多少錢?大約__元,b38b,b38b
2008,大學,請問您在學校時平均成績大約在全班的什麼位置?,b39,b39f
2008,大學,請問您是否通過政府或學校所辦的專案技能檢定?,b40,b40f
2008,大學,請問您在學校時有沒有參加學校裡的社團，學生會或其它的學生組織?,b41,b41f
2008,大學,請問您參加了幾個社團或學生組織?__個,b42,b42f
2008,大學,請問您是否擔任社團或組織中的幹部?,b43,b43f
2008,大學,您擔任社團或組織幹部，通常要帶領多少人?__人,b44,b44f
2008,大學,請問您擔任幹部的組織或社團，人數最多的有多少人?__人,b45,b45f
2008,大學,請問您在學校時是否有參加過義工或服務性質的活動?,b46,b46f
2008,大學,請問您在學校時參加幾次義工服務?__次,b47,b47f
2008,大學,對您二專/三專/技術學院(科技大學)/大學/研究所畢業後的計劃，您的父親影響程度為何?,b48a,b48a
2008,大學,對您二專/三專/技術學院(科技大學)/大學/研究所畢業後的計劃，您的母親影響程度為何?,b48b,b48b
2008,大學,對您二專/三專/技術學院(科技大學)/大學/研究所畢業後的計劃，老師影響程度為何?,b48c,b48c
2008,大學,對您二專/三專/技術學院(科技大學)/大學/研究所畢業後的計劃，朋友或同學影響程度為何?,b48d,b48d
2008,大學,對您二專/三專/技術學院(科技大學)/大學/研究所畢業後的計劃，兄弟姊妹影響程度為何?,b48e,b48e
2008,大學,請您想一下，學校裡和您最親近的同學是否大部分準備繼續升學?,b49,b49f
2008,大學,在您二專/三專/技術學院(科技大學)/大學/研究所畢業後，您打算做什麼?,b50,b50f
2008,大學,請問您打算(或目前)唸那一類的科系/研究所?,b51a,b51a
2008,大學,當您自二專/三專/技術學院(科技大學)/大學/研究所畢業後，您若開始工作的話，能接受的最低月薪為何?,b51b,b51b
2008,大學,在二專/三專/技術學院(科技大學)/大學/研究所畢業後，您若開始工作的話， 您估計大概月收入會有多少?,b51c,b51c
2008,工作,在您規劃工作生涯時，優厚的待遇對於您選擇工作的重要程度如何?,c01a,c01a
2008,工作,在您規劃工作生涯時，工作穩定而且持久對於您選擇工作的重要程度如何?,c01b,c01b
2008,工作,在您規劃工作生涯時，工作讓我有成就感對於您選擇工作的重要程度如何?,c01c,c01c
2008,工作,在您規劃工作生涯時，工作的自主性高對於您選擇工作的重要程度如何?,c01d,c01d
2008,工作,在您規劃工作生涯時，工作具挑戰性而且富有變化對於您選擇工作的重要程度如何?,c01e,c01e
2008,工作,請問您目前有工作嗎?,c02,c02f
2008,工作,請問從去年(民國96年)一月份以來，您更換過主要工作嗎?,c03a01,c03a01f
2008,工作,請問從去年(民國96年)一月份以來，您更換過幾次,c03a02,c03a02f
2008,工作,請問您目前的主要工作與96年1月的主要工作是否雇主改變,c03b01,labg
2008,工作,請問您目前的主要工作與96年1月的主要工作是否工作內容改變,c03b02,labg
2008,工作,請問您目前的主要工作與96年1月的主要工作是否職位改變,c03b03,labg
2008,工作,請問您目前的主要工作與96年1月的主要工作是否工作地點改變,c03b04,labg
2008,工作,請問您目前的主要工作與96年1月的主要工作是否有其他不同,c03b05,labg
2008,工作,您目前的這份工作最主要是以何種方式找到的?,c03c,c03c
2008,工作,請問您是否自願離開原來的工作?,c04a,c04a
2008,工作,請問您自願離開原來工作的原因是什麼?,c04b,c04b
2008,工作,請問您非自願離開原來工作(單位)的原因是什麼?,c04c,c04c
2008,工作,請問您目前的工作是__行業,c05a01,c05a01f
2008,工作,請問您目前的工作是__職業,c05a02,c05a02f
2008,工作,請問您是在為誰工作?,c05b,c05b
2008,工作,您這份工作的公司約有多少位員工?,c05c,c05c
2008,工作,您這份工作的工作地點是在那裡?,c06a01,c06a01f
2008,工作,工作地點地區碼,c06a02,labh
2008,工作,平常您每天上下班總共需要多少交通時間?,c06b01,c06b01f
2008,工作,交通時間約__分鐘(以最常用的交通工具為主),c06b02,c06b02f
2008,工作,您這份工作收入領的方式?按小時，按日計酬,c07a01,c07a01f
2008,工作,您這份工作收入每月平均約 __元,c07a02,c07a02f
2008,工作,您這份工作收入領的方式?按月計酬,c07a03,c07a03f
2008,工作,您這份工作收入每月平均約 __元,c07a04,labi
2008,工作,您這份工作收入領的方式?獎金，分紅等不固定的收入,c07a05,c07a05f
2008,工作,您這份工作收入每月平均約 __元,c07a06,labi
2008,工作,您這份工作收入領的方式?按件計酬,c07a07,c07a07f
2008,工作,您這份工作收入每月平均約 __元,c07a08,labi
2008,工作,您這份工作收入領的方式?其他方式,c07a09,c07a09f
2008,工作,您這份工作收入每月平均約 __元,c07a10,labi
2008,工作,您這份工作平均每個月的收入大約有多少?,c07b,c07b
2008,工作,在正常的情形下，您這份工作平均每週大約工作幾個小時? __小時,c08,labd
2008,工作,請問您這份工作做了多久了?__年,c09z01,c09z01f
2008,工作,請問您這份工作做了多久了?又__月,c09z02,labb
2008,工作,除了上面所談到的這份工作之外，您目前還有其他有收入的兼差嗎?,c10,c10f
2008,工作,請問您目前的兼差工作是__行業,c11a01,c11a01f
2008,工作,請問您目前的兼差工作是__職業,c11a02,c11a02f
2008,工作,請問這份兼差是在為誰工作?,c11b,c11b
2008,工作,這份兼差平均每個月的總收入大約有多少?,c11c,c11c
2008,工作,在正常的情形下，您這份兼差平均每週大約工作幾個小時?,c11d,labd
2008,工作,請問您目前沒有工作的原因是什麼?,c12,c12f
2008,工作,在96年1月到12月之中，您是否曾經領取政府失業保險金?,c13a,c13a
2008,工作,請問您過去這一個月之內有沒有在找工作或準備開始創業(不含兼差)?,c13b01,c13b01f
2008,工作,尋找工作時間__月,c13b02,labj
2008,工作,尋找工作時間__週,c13b03,labj
2008,工作,您最主要用什麼方法找尋工作?,c13c,c13c
2008,婚姻狀況,請問您目前結婚了嗎?,d01z01,d01z01f
2008,婚姻狀況,請問您結婚年次,d01z02,labd
2008,已婚+同居,請問(他/她)是在哪一年出生的?,d02,labb
2008,已婚+同居,請問(他/她)是原住民，台灣閩南人，台灣客家人還是外省人(大陸各省市)?,d03,d03f
2008,已婚+同居,請問(他/她)的最高教育程度是什麼?,d04a,d04a
2008,已婚+同居,請問(他/她)的父親最高教育程度是什麼?,d04b,d04b
2008,已婚+同居,請問您配偶(同居人)目前的健康狀況如何?,d05,d05f
2008,已婚+同居,請問(他/她)目前有工作嗎?,d06a,d06a
2008,已婚+同居,請問從去年(民國96)一月份以來，(他/她)更換過主要工作嗎?,d07a01,d07a01f
2008,已婚+同居,若更過工作，換過__次工作,d07a02,labk
2008,已婚+同居,請問(他/她)目前的主要工作與96年1月的主要工作是否雇主改變,d07b01,d07b01f
2008,已婚+同居,請問(他/她)目前的主要工作與96年1月的主要工作是否工作內容改變,d07b02,d07b02f
2008,已婚+同居,請問(他/她)目前的主要工作與96年1月的主要工作是否職位改變,d07b03,d07b03f
2008,已婚+同居,請問(他/她)目前的主要工作與96年1月的主要工作是否工作地點改變,d07b04,d07b04f
2008,已婚+同居,請問(他/她)目前的主要工作與96年1月的主要工作是否有其他不同,d07b05,d07b05f
2008,已婚+同居,(他/她)目前的這份工作最主要是以何種方式找到的?,d07c,d07c
2008,已婚+同居,請問(他/她)是否自願離開原來的工作?,d08a,d08a
2008,已婚+同居,請問(他/她)自願離開原來工作(單位)的原因是什麼?,d08b,d08b
2008,已婚+同居,請問(他/她)非自願離開原來工作(單位)的原因是什麼?,d08c,d08c
2008,已婚+同居,請問(他/她)目前的工作是__行業,d09a01,d09a01f
2008,已婚+同居,請問(他/她)目前的工作是__職業,d09a02,d09a02f
2008,已婚+同居,請問(他/她)是在為誰工作?,d09b,d09b
2008,已婚+同居,(他/她)這份工作的公司約有多少位員工?,d09c,d09c
2008,已婚+同居,(他/她)這份工作的工作地點是在那裡?,d10a01,d10a01f
2008,已婚+同居,工作地點地區碼,d10a02,labh
2008,已婚+同居,平常(他/她)每天上下班總共需要多少交通時間?,d10b01,d10b01f
2008,已婚+同居,交通時間約__分鐘,d10b02,d10b02f
2008,已婚+同居,(他/她)這份工作收入是用按小時，按日計酬方式領的?,d11a01,d11a01f
2008,已婚+同居,他/她)這份工作收入每月平均約 __元,d11a02,d11a02f
2008,已婚+同居,他/她)這份工作收入是用按月計酬方式領的?,d11a03,d11a03f
2008,已婚+同居,他/她)這份工作收入每月平均約 __元,d11a04,d11a04f
2008,已婚+同居,他/她)這份工作收入是用獎金，分紅等不固定的收入方式領的?,d11a05,d11a05f
2008,已婚+同居,他/她)這份工作收入每月平均約 __元,d11a06,d11a06f
2008,已婚+同居,他/她)這份工作收入是用按件計酬方式領的?,d11a07,d11a07f
2008,已婚+同居,他/她)這份工作收入每月平均約 __元,d11a08,d11a08f
2008,已婚+同居,他/她)這份工作收入是用其他方式方式領的?,d11a09,d11a09f
2008,已婚+同居,他/她)這份工作收入每月平均約 __元,d11a10,d11a10f
2008,已婚+同居,(他/她)這份工作平均每個月的收入大約有多少?__元,d11b,d11b
2008,已婚+同居,在正常的情形下，(他/她)這份工作平均每週大約工作幾個小時?,d12,labd
2008,已婚+同居,請問(他/她)這份工作做了多久了?__年,d13z01,labb
2008,已婚+同居,請問(他/她)這份工作做了多久了?__月,d13z02,labb
2008,已婚+同居,請問(他/她)目前沒有工作的原因是什麼?,d14,d14f
2008,已婚+同居,在96年1月到12月之中，(他/她)是否曾經領取政府失業保險金?,d15a,d15a
2008,已婚+同居,請問(他/她)過去這一個月之內有沒有在找工作或準備開始創業(不含兼差)?,d15b01,d15b01f
2008,已婚+同居,若有，從開始找工作到目前為止已找了__月,d15b02,labk
2008,已婚+同居,若有，從開始找工作到目前為止又找了__週,d15b03,d15b03f
2008,新婚者,請問您結婚的時候，男方是否準備聘金?,d16a01,d16a01f
2008,新婚者,請問您結婚的時候，男方準備聘金;當時大約是__元,d16a02,d16a02f
2008,新婚者,女方是否準備嫁妝?,d16b01,d16b01f
2008,新婚者,女方有準備嫁妝;當時折合現金大約是__元,d16b02,d16b02f
2008,新婚者,請問您與(他/她)是如何認識而結婚的?,d17,d17f
2008,新婚者,請問當初您的父母是否贊成這門親事?,d18,d18f
2008,移民,請問您在未來有沒有移民到台灣以外地區的打算?,e01,e01f
2008,移民,您打算移民的主要原因是什麼?,e02,e02f
2008,移民,您父母或配偶父母定居在台灣以外地區,e03z01,e03z01f
2008,移民,您子女或子女的配偶定居在台灣以外地區,e03z02,e03z02f
2008,移民,您兄弟姊妹或配偶的兄弟姊妹定居在台灣以外地區,e03z03,e03z03f
2008,移民,您其他親人定居在台灣以外地區,e03z04,e03z04f
2008,搬遷,請問您96年1月之後有沒有搬遷(搬住的地方)?,e04,e04f
2008,搬遷,您搬遷的主要原因是什麼?,e05,e05f
2008,工作,請問96年1月之後您有沒有新的工作機會或工作變動的機會?,e06a,e06a
2008,工作,請問新的工作機會需要搬遷或個人遷移到外地嗎?,e06b,e06b
2008,工作,請問您有接受這個新的工作機會嗎?,e06c,e06c
2008,同住人口,請問您平常是否與父母同住?,e07a,e07a
2008,同住人口,目前與您同住的，一共有多少人?__人(不含受訪者本人),e07b,labb
2008,同住人口,這些同住的人包括:受訪者配偶__人,e07c01,labb
2008,同住人口,這些同住的人包括:已婚兄弟__人,e07c02,labb
2008,同住人口,這些同住的人包括:已婚姊妹__人,e07c03,labb
2008,同住人口,這些同住的人包括:兒子__人,e07c04,labb
2008,同住人口,這些同住的人包括:女兒__人,e07c05,labb
2008,同住人口,這些同住的人包括:祖父母__人,e07c06,labb
2008,同住人口,這些同住的人包括:配偶祖父母__人,e07c07,labb
2008,同住人口,這些同住的人包括:未婚兄弟__人,e07c08,labb
2008,同住人口,這些同住的人包括:未婚姊妹__人,e07c09,labb
2008,同住人口,這些同住的人包括:配偶父母__人,e07c10,labb
2008,同住人口,這些同住的人包括:同學__人,e07c11,labb
2008,同住人口,這些同住的人包括:朋友__人,e07c12,labb
2008,同住人口,這些同住的人包括:其他親屬__人,e07c13,labb
2008,同住人口,這些同住的人包括:其他__人,e07c14,labb
2008,居住地,您目前住的房子是誰的:,e08a,e08a
2008,居住地,租金每月多少?__元,e08b,e08b
2008,居住地,請問您有沒有打算在兩年之內搬遷?,e08c,e08c
2008,居住地,您的父母是否曾經將土地，房屋等家產分給子女?,e08d,e08d
2008,接受資助,請問過去一年來，您父母有沒有給您(或您配偶)零用金，生活費或節慶紅包?,e09a01,e09a01f
2008,接受資助,有給您(或您配偶)零用金，生活費或節慶紅包，平均每個月大約__元,e09a02,e09a02f
2008,接受資助,請問過去一年來，您(或您配偶)有沒有給您的父母零用金，生活費或節慶紅包?,e09b01,e09b01f
2008,接受資助,有給您的父母零用金，生活費或節慶紅包，平均每個月大約__元,e09b02,e09b02f
2008,接受資助,在去年之中，您是否曾經從兄弟姊妹得到資助或貸款,e10z01,e10z01f
2008,接受資助,在去年之中，您是否曾經從配偶的兄弟姊妹得到資助或貸款,e10z02,e10z02f
2008,接受資助,在去年之中，您是否曾經從其他親戚得到資助或貸款,e10z03,e10z03f
2008,接受資助,在去年之中，您是否曾經從朋友或同事得到資助或貸款,e10z04,e10z04f
2008,接受資助,請問過去一年來，您配偶父母有沒有給您(或您配偶)零用金，生活費或節慶紅包?,e11a01,e11a01f
2008,接受資助,有給您(或您配偶)零用金，生活費或節慶紅包，平均每個月大約__元,e11a02,e11a02f
2008,接受資助,請問過去一年來，您(或您配偶)有沒有給您配偶父母零用金，生活費或節慶紅包?,e11b01,e11b01f
2008,接受資助,有給您配偶父母零用金，生活費或節慶紅包，平均每個月大約__元,e11b02,e11b02f
2008,已婚+同居,在去年(96年)之中，請問您平均每週大約花多少時間作家務工作?__小時,f01a,labb
2008,已婚+同居,請問您的配偶平均每週大約花多少時間作家務工作?__ 小時,f01b,labb
2008,政府補助,在去年(96年)之中，您家庭自政府得到的補助總計大約是多少?__ 元,f02,f02f
2008,家庭收支,在過去一年裡，您(和您配偶)每個月的平均支出房屋貸款支出平均每月 __元?,f03a,f03a
2008,家庭收支,標會支出活會平均每月 __元,f03b01,f03b01f
2008,家庭收支,死會平均每月 __元,f03b02,f03b02f
2008,家庭收支,保姆或幫傭(包括家事管理)支出平均每月 __元,f03c,f03c
2008,家庭收支,請問您(和您配偶)過去一年裡，人壽或商業醫療保險 __元,f04a,f04a
2008,家庭收支,請問您(和您配偶)過去一年裡，家俱與家庭耐久設備 __元,f04b,f04b
2008,家庭收支,請問您(和您配偶)過去一年裡，教育費用 __元,f04c,f04c
2008,問卷資訊,訪問結束時間:月,f06z01,f06z01f
2008,問卷資訊,訪問結束時間:日,f06z02,labb
2008,問卷資訊,訪問結束時間:時,f06z03,f06z03f
2008,問卷資訊,訪問結束時間:分 ;,f06z04,f06z04f
2014,問卷資訊,問卷類別,x01a,X01A
2014,問卷資訊,訪問時段,x01c,X01C
2014,居住地,現居地址,x06,X06F
2014,與戶長關係,受訪者與戶籍地戶長之關係,x08,X08F
2014,基本資料,受訪者性別,a01,A01F
2014,基本資料,請問您是民國__年出生的?,a02z01,A02Z01F
2014,基本資料,出生月__月,a02z02,A02Z02F
2014,問卷資訊,請問您是第一次接受我們的訪問嗎?,a03,A03F
2014,基本資料,請問您的出生地是:,a04z01,A04Z01F
2014,基本資料,A4地區碼,a04z02,A04Z02F
2014,健康及精神狀況,整個來說，您最近這陣子的生活過得快樂嗎?,a05a,A05A
2014,健康及精神狀況,請問您認為自己目前的健康狀況如何?,a05b,A05B
2014,健康及精神狀況,請問您最近兩星期有沒有因為身體不舒服或受傷而影響到生活作息的情形?,a05c,A05C
2014,當兵,請問您有沒有當過兵?,a06a,A06A
2014,當兵,請問您所服的兵役類型是什麼?,a06b,A06B
2014,當兵,請問您民國幾年幾月入伍?入伍年,a06c01,A06C01F
2014,當兵,請問您民國幾年幾月入伍?入伍月,a06c02,A06C02F
2014,當兵,請問您民國幾年幾月退伍?退伍年,a06c03,A06C03F
2014,當兵,請問您民國幾年幾月退伍?退伍月,a06c04,A06C04F
2014,教育程度,請問就您目前的環境和能力，您覺得您可以讀到什麼程度?,b01a,B01A
2014,教育程度,如果沒有環境和能力的限制，您希望讀書讀到什麼程度?,b01b,B01B
2014,教育程度,請問您最高的教育程度是什麼?,b02,B02F
2014,高中,請問您上高中/高職/五專後是否有轉學過?,b03a,B03A
2014,高中,請問您是什麼時候開始上高中/高職/五專?民國__年,b03b,B03B
2014,高中,請問您是如何進高中/高職/五專的?,b04,B04F
2014,高中,請問您唸的是什麼樣的學校?,b05,B05F
2014,高中,請問您就讀的高中/高職/五專是在哪一個地區?,b06z01,B06Z01F
2014,高中,B6地區碼,b06z02,B06Z02F
2014,高中,B6學校代碼,b06z03,B06Z03F
2014,高中,請問您高中/高職/五專就讀的學校是公立還是私立?,b07a,B07A
2014,高中,請問您高中/高職/五專就讀的是日間部還是夜間部?,b07b,B07B
2014,高中,請問您就讀的是進修部嗎?,b07c,B07C
2014,高中,請問您唸的是什麼科?,b07d,B07D
2014,高中,請問您是否取得技術士證書?,b07e,B07E
2014,高中,請問您是否通過政府或學校所辦的專案技能檢定?,b07f,B07F
2014,高中,請問您是已經畢業(或肄業)，還是正在就學?,b07g01,B07G01F
2014,高中,畢業/肄業於民國__年,b07g02,B07G02F
2014,高中,正在就學__年級,b07g03,B07G03F
2014,高中,請問在過去一學期，您是不是住在家裡?,b08a01,B08A01F
2014,高中,若住在外面，與家裡的交通時間單程約需__分鐘,b08a02,B08A02F
2014,高中,請問您上學期是住在那裡?,b08b,B08B
2014,高中,請問您在過去一學期，沒有打工的經驗?,b09z01,B09Z01F
2014,高中,請問您在過去一學期，在學期中工作，平均每週工作不滿15小時?,b09z02,B09Z02F
2014,高中,請問您在過去一學期，在學期中工作，平均每週工作15~30小時?,b09z03,B09Z03F
2014,高中,請問您在過去一學期，寒暑假有打工的經驗?,b09z04,B09Z04F
2014,高中,請問您在過去一學期，在學期中工作，平均每週工作30小時以上?,b09z05,B09Z05F
2014,高中,請問您在過去一學期，有沒有其他的工作(打工)經驗?,b09z06,B09Z06F
2014,高中,在過去一學期，您的學費及膳宿費用主要是由誰負擔?,b10,B10F
2014,高中,在過去一學期，我的父親會關注我在學校的表現,b11a,B11A
2014,高中,在過去一學期，我的母親會關注我在學校的表現,b11b,B11B
2014,高中,在過去一學期，我的父親總是知道我的行蹤和活動,b11c,B11C
2014,高中,在過去一學期，我的母親總是知道我的行蹤和活動,b11d,B11D
2014,高中,在過去一學期，我的父母會因為我的學校成績而獎勵我,b11e,B11E
2014,高中,在過去一學期，我的父母會因為我的學校成績而懲罰我,b11f,B11F
2014,高中,在過去一學期，您是否會和您的父親討論求學計畫?,b12a01,B12A01F
2014,高中,在過去一學期，您是否會和您的母親討論求學計畫?,b12a02,B12A02F
2014,高中,在過去一學期，您是否會和老師討論求學計畫?,b12a03,B12A03F
2014,高中,在過去一學期，您是否會和朋友或同學討論求學計畫?,b12a04,B12A04F
2014,高中,在過去一學期，您是否會和兄弟姊妹討論求學計畫?,b12a05,B12A05F
2014,高中,請您想一下，學校裡和您最親近的同學中是否大部分準備繼續升學?,b12b,B12B
2014,高中,在過去一學期學習過程中，您曾遭遇下列困難的程度為何?a課程太難,b13a,B13A
2014,高中,在過去一學期學習過程中，您曾遭遇下列困難的程度為何?b很難配合學校的規定與作息,b13b,B13B
2014,高中,請問您上學期的成績大概占全班中的排名為何?,b14,B14F
2014,高中,在過去一學期，請問您在學期中，平均每天花多少時間和父親聊天?,b15a,B15A
2014,高中,請問您在學期中，平均每天花多少時間和母親聊天?,b15b,B15B
2014,高中,請問您在學期中，平均每天花多少時間閱讀報紙 (含電子報)?,b16,B16F
2014,高中,請問您在學期中，平均每天花多少時間看電視節目?,b17,B17F
2014,高中,請問您在學期中，平均每天花多少時間上網?,b18,B18F
2014,高中,在您高中/高職/五專畢業後，您打算做什麼?,b19,B19F
2014,高中,請問您打算繼續唸什麼樣的學校?,b20a,B20A
2014,高中,請問您打算唸什麼樣的科系?,b20b,B20B
2014,高中,當您自高中/高職/五專畢業後，您若開始工作的話，能接受的最低月薪為多少?,b21a,B21A
2014,高中,在高中/高職/五專畢業後，您若開始工作的話，您估計大概月收入會有多少?,b21b,B21B
2014,大學,請問您上二專/技術學院(科技大學)/大學後是否有轉學過?,b22a,B22A
2014,大學,請問您是什麼時候開始上二專/技術學院(科技大學)/大學?民國__年,b22b,B22B
2014,大學,請問您是如何進入二專/技術學院(科技大學)/大學的?,b23a,B23A
2014,大學,請問您唸的是什麼樣的學校?,b23b,B23B
2014,大學,請問您就讀的二專/技術學院(科技大學)/大學/研究所是在哪一個地區?,b24a01,B24A01F
2014,大學,B24a地區碼,b24a02,B24A02F
2014,大學,B24a學校代碼,b24a03,B24A03F
2014,大學,請問您就讀的學校是公立還是私立的?,b24b,B24B
2014,大學,請問您就讀的是進修部嗎?,b24c,B24C
2014,大學,請問您唸的是什麼科系?,b24d,B24D
2014,大學,請問您是已經畢業(或肄業)，還是正在就學?,b25z01,B25Z01F
2014,大學,畢業/肄業於民國__年,b25z02,B25Z02F
2014,大學,正在就學__年級,b25z03,B25Z03F
2014,大學,請問在過去一學期，您是不是住在家裡?,b26a01,B26A
2014,大學,若住在外面，與家裡的交通時間單程約需__分鐘,b26a02,B26A02F
2014,大學,請問您上學期是住在那裡?,b26b,B26B
2014,大學,請問您在過去一學期，沒有打工的經驗?,b27z01,B27Z01F
2014,大學,請問您在過去一學期，在學期中工作，平均每週工作不滿15小時?,b27z02,B27Z02F
2014,大學,請問您在過去一學期，在學期中工作，平均每週工作15~30小時?,b27z03,B27Z03F
2014,大學,請問您在過去一學期，寒暑假有打工的經驗?,b27z04,B27Z04F
2014,大學,請問您在過去一學期，在學期中工作，平均每週工作30小時以上?,b27z05,B27Z05F
2014,大學,請問您在過去一學期，有沒有其他的工作(打工)經驗?,b27z06,B27Z06F
2014,大學,在過去一學期，您的學費及膳宿費用主要是由誰負擔?,b28,B28F
2014,大學,在過去一學期學習過程中，您曾遭遇下列困難的程度為何?a課程太難,b29a,B29A
2014,大學,在過去一學期學習過程中，您曾遭遇下列困難的程度為何?b很難配合學校的規定與作息,b29b,B29B
2014,大學,請問您在學期中，平均每天花多少時間閱讀報紙 (含電子報)?,b30,B30F
2014,大學,請問您在學期中，平均每天花多少時間看電視節目?,b31,B31F
2014,大學,請問您在學期中，平均每天花多少時間上網?,b32,B32F
2014,大學,請問您在學期中，平均每天花多少時間參與社團活動?,b33,B33F
2014,大學,當初在您選填志願時，您的父親對您的影響程度為何?,b34a,B34A
2014,大學,當初在您選填志願時，您的母親對您的影響程度為何?,b34b,B34B
2014,大學,當初在您選填志願時，老師對您的影響程度為何?,b34c,B34C
2014,大學,當初在您選填志願時，朋友或同學對您的影響程度為何?,b34d,B34D
2014,大學,當初在您選填志願時，兄弟姊妹對您的影響程度為何?,b34e,B34E
2014,大學,當初您在選填志願時，最主要考慮的因素是哪一項?,b35,B35F
2014,大學,請問您在二專/技術學院(科技大學)/大學/研究所時有沒有雙修的經驗?,b36z01,B36Z01F
2014,大學,請問您在二專/技術學院(科技大學)/大學/研究所時有沒有輔系的經驗?,b36z02,B36Z02F
2014,大學,請問您在二專/技術學院(科技大學)/大學/研究所時有沒有教育學程的經驗?,b36z03,B36Z03F
2014,大學,請問您在二專/技術學院(科技大學)/大學/研究所時有沒有重考的經驗?,b36z04,B36Z04F
2014,大學,請問您在二專/技術學院(科技大學)/大學/研究所時有沒有重修的經驗?,b36z05,B36Z05F
2014,大學,請問您在二專/技術學院(科技大學)/大學/研究所時有沒有轉系的經驗?,b36z06,B36Z06F
2014,大學,請問您在二專/技術學院(科技大學)/大學/研究所時有沒有轉學的經驗?,b36z07,B36Z07F
2014,大學,請問您在二專/技術學院(科技大學)/大學/研究所時有沒有延畢的經驗?,b36z08,B36Z08F
2014,大學,請問您在二專/技術學院(科技大學)/大學/研究所時有沒有交換學生的經驗?,b36z09,B36Z09F
2014,大學,請問您在二專/技術學院(科技大學)/大學/研究所時有沒有其他的經驗?,b36z10,B36Z10F
2014,大學,請問您在學校時是否準備過技術學院/大學插班考試?,b37z01,B37Z01F
2014,大學,請問您在學校時是否準備過研究所考試?,b37z02,B37Z02F
2014,大學,請問您在學校時是否準備過留學(含托福，GRE，GMAT等)考試?,b37z03,B37Z03F
2014,大學,請問您在學校時是否準備過高普考?,b37z04,B37Z04F
2014,大學,請問您在學校時是否準備過國家證照考試?,b37z05,B37Z05F
2014,大學,請問您在學校時是否準備過其他專業證照考試?,b37z06,B37Z06F
2014,大學,請問您在學校時是否準備過其他的考試?,b37z07,B37Z07F
2014,大學,您有沒有為了上面的考試去補習?,b38a,B38A
2014,大學,您為了補習總共花了多少錢?,b38b,B38B
2014,大學,請問您是否通過政府或學校所辦的專案技能檢定?,b39,B39F
2014,大學,請問您在學校時平均成績大約在全班的什麼位置?,b40,B40F
2014,大學,請問您在學校時有沒有參加學校裡的社團，學生會或其他的學生組織?,b41,B41F
2014,大學,請問您參加了幾個社團或學生組織?,b42,B42F
2014,大學,請問您是否擔任社團或組織中的幹部?,b43,B43F
2014,大學,您擔任社團或組織幹部，通常要帶領多少人?,b44,B44F
2014,大學,請問您擔任幹部的組織或社團，人數最多的有多少人?,b45,B45F
2014,大學,請問您在學校時是否有參加過義工或服務性質的活動?,b46,B46F
2014,大學,請問您在學校時參加幾次義工服務?,b47,B47F
2014,大學,對您二專/技術學院(科技大學)/大學/研究所畢業後的計畫，您父親的影響程度為何?,b48a,B48A
2014,大學,對您二專/技術學院(科技大學)/大學/研究所畢業後的計畫，您母親的影響程度為何?,b48b,B48B
2014,大學,對您二專/技術學院(科技大學)/大學/研究所畢業後的計畫，老師的影響程度為何?,b48c,B48C
2014,大學,對您二專/技術學院(科技大學)/大學/研究所畢業後的計畫，朋友或同學的影響程度為何?,b48d,B48D
2014,大學,對您二專/技術學院(科技大學)/大學/研究所畢業後的計畫，兄弟姊妹的影響程度為何?,b48e,B48E
2014,大學,請您想一下，學校裡和您最親近的同學是否大部分準備繼續升學?,b49,B49F
2014,大學,在您二專/技術學院(科技大學)/大學/研究所畢業後，您打算做什麼?,b50,B50F
2014,大學,請問您打算(或目前)唸那一類的科系/研究所?,b51a,B51A
2014,大學,當您自二專/技術學院(科技大學)/大學/研究所畢業後，您若開始工作的話，能接受的最低月_,b51b,B51B
2014,大學,在二專/技術學院(科技大學)/大學/研究所畢業後，您若開始工作的話，您估計大概月收入會_,b51c,B51C
2014,工作,在您規劃工作生涯時，優厚的待遇對於您選擇工作的重要程度如何?,c01a,C01A
2014,工作,在您規劃工作生涯時，工作穩定而且持久對於您選擇工作的重要程度如何?,c01b,C01B
2014,工作,在您規劃工作生涯時，工作讓我有成就感對於您選擇工作的重要程度如何?,c01c,C01C
2014,工作,在您規劃工作生涯時，工作的自主性高對於您選擇工作的重要程度如何?,c01d,C01D
2014,工作,在您規劃工作生涯時，工作具挑戰性而且富有變化對於您選擇工作的重要程度如何?,c01e,C01E
2014,工作,在您規劃工作生涯時，工作輕鬆對於您選擇工作的重要程度如何?,c01f,C01F
2014,工作,在您規劃工作生涯時，能兼顧生活品質對於您選擇工作的重要程度如何?,c01g,C01G
2014,工作,請問您目前有工作嗎?,c02,C02F
2014,工作,請問您是在為誰工作?,c03,C03F
2014,工作,請問您目前的工作是__行業,c04a01,C04A01F
2014,工作,請問您目前的工作是__職業,c04a02,C04A02F
2014,工作,您這份工作的公司約有多少位員工(包含受訪者本人)?,c04b,C04B
2014,工作,您這份工作的工作地點是在那裡?,c04c01,C04C01F
2014,工作,C4c地區碼,c04c02,C04C02F
2014,工作,平常您每天上下班總共需要多少交通時間?,c04d01,C04D01F
2014,工作,若需要交通時間，約__分鐘,c04d02,C04D02F
2014,工作,您這份工作平均每個月的總收入有多少?,c05a,C05A
2014,工作,您這份工作平均每個月的總收入大約有多少?,c05b,C05B
2014,工作,您這份工作收入是按小時，按日計酬的?,c05c01,C05C01F
2014,工作,您這份工作收入是按月計酬的?,c05c02,C05C02F
2014,工作,您這份工作收入是獎金(不含年終獎金)，分紅等不固定的收入?,c05c03,C05C03F
2014,工作,您這份工作收入是按件計酬的?,c05c04,C05C04F
2014,工作,您這份工作收入是用其他方式(含年終獎金，營業收入等)領的?,c05c05,C05C05F
2014,工作,您這份工作哪一種方式領取的收入最多?,c05d,C05D
2014,工作,請問您是由人力派遣公司付薪水的嗎?,c06a,C06A
2014,工作,在正常的情形下，您這份工作平均每週大約工作幾個小時?,c06b,C06B
2014,工作,請問您是從什麼時候開始做目前這份工作的?民國__年,c07a01,C07A01F
2014,工作,請問您是從什麼時候開始做目前這份工作的?又__月,c07a02,C07A02F
2014,工作,在您開始做這份工作時，平均每個月的總收入有多少?,c07b,C07B
2014,工作,在您開始做這份工作時，平均每個月的總收入大約有多少?,c07c,C07C
2014,工作,在您開始做這份工作時，您平均每週大約工作幾個小時?,c07d,C07D
2014,工作,請確認上次訪問時，受訪者是否有工作?,c07e,C07E
2014,工作,您目前的主要工作，跟上一次訪問時的主要工作比較起來，公司/機構換了嗎?,c08a01,C08A01F
2014,工作,您目前的主要工作，跟上一次訪問時的主要工作比較起來，工作內容改變了嗎?,c08a02,C08A02F
2014,工作,您目前的主要工作，跟上一次訪問時的主要工作比較起來，職位改變了嗎?,c08a03,C08A03F
2014,工作,您目前的主要工作，跟上一次訪問時的主要工作比較起來，工作地點改變了嗎?,c08a04,C08A04F
2014,工作,您目前的主要工作，跟上一次訪問時的主要工作比較起來，公司老闆/機構負責人換人了嗎?,c08a05,C08A05F
2014,工作,您目前的主要工作，跟上一次訪問時的主要工作比較起來，沒有改變?,c08a06,C08A06F
2014,工作,受訪者反應:上次訪問時沒有工作,c08a07,C08A07F
2014,工作,您目前的主要工作，跟上一次訪問時的主要工作比較起來，有其他變化,c08a08,C08A08F
2014,工作,您目前的這份工作最主要是以何種方式找到的?,c08b,C08B
2014,工作,請問您是否自願離開原來的工作?,c08c,C08C
2014,工作,請問您自願離開原來工作的主要原因是什麼?,c08d,C08D
2014,工作,請問您非自願離開原來工作的主要原因是什麼?,c08e,C08E
2014,工作,請問您是在什麼時候離開原來這份工作的?民國__年,c09a01,C09A01F
2014,工作,請問您是在什麼時候離開原來這份工作的?又__月,c09a02,C09A02F
2014,工作,在您離開當時，這份工作平均每個月的總收入有多少?,c09b,C09B
2014,工作,在您離開當時，您這份工作平均每個月的總收入大約有多少?,c09c,C09C
2014,工作,在您離開當時，您這份工作平均每週大約工作幾個小時?,c09d,C09D
2014,工作,除了目前的這份工作之外，您還有其他有收入的兼差嗎?,c10a,C10A
2014,工作,請問這份兼差是在為誰工作?,c10b,C10B
2014,工作,請問您目前的兼差工作是__行業,c10c01,C10C01F
2014,工作,請問您目前的兼差工作是__職業,c10c02,C10C02F
2014,工作,這份兼差平均每個月的總收入大約有多少?,c10d,C10D
2014,工作,在正常的情形下，您這份兼差平均每週大約工作幾個小時?,c10e,C10E
2014,工作,請問您目前沒有工作，是屬於下列哪一種情況?,c11a,C11A
2014,工作,請問您目前不打算找工作的原因是什麼?,c11b,C11B
2014,工作,請問您過去這一個月之內有沒有在找工作或準備開始創業(不含兼差)?,c12a01,C12A01F
2014,工作,若有，從開始找工作到目前為止已找了__月,c12a02,C12A02F
2014,工作,若有，從開始找工作到目前為止又找了__週,c12a03,C12A03F
2014,工作,您最主要用什麼方法找尋工作?,c12b,C12B
2014,已婚+同居,請問您目前結婚了嗎?,d01a01,D01A01F
2014,已婚+同居,同居/結婚/再婚/分居/離婚/喪偶:民國__年,d01a02,D01A02F
2014,已婚+同居,同居/結婚/再婚/分居/離婚/喪偶:__月,d01a03,D01A03F
2014,已婚+同居,請問您第一次結婚是在:民國__年,d01b01,D01B01F
2014,已婚+同居,請問您第一次結婚是在:__月,d01b02,D01B02F
2014,已婚+同居,請問(他/她)是在哪一年出生的?民國__年,d02z01,D02Z01F
2014,已婚+同居,請問(他/她)是在哪一月出生的?__月,d02z02,D02Z02F
2014,已婚+同居,請問您配偶的父親是:,d03a,D03A
2014,已婚+同居,請問您配偶的母親是:,d03b,D03B
2014,已婚+同居,請問您配偶的最高教育程度是什麼?,d04a,D04A
2014,已婚+同居,請問您配偶父親的最高教育程度是什麼?,d04b,D04B
2014,已婚+同居,請問(他/她)目前的健康狀況如何?,d05,D05F
2014,已婚+同居,請問(他/她)目前有工作嗎?,d06,D06F
2014,已婚+同居,請問(他/她)是在為誰工作?,d07,D07F
2014,已婚+同居,請問(他/她)目前的工作是__行業,d08a01,D08A01F
2014,已婚+同居,請問(他/她)目前的工作是__職業,d08a02,D08A02F
2014,已婚+同居,(他/她)這份工作的公司約有多少位員工(包含受訪者配偶本人)?,d08b,D08B
2014,已婚+同居,(他/她)這份工作的工作地點是在那裡?,d08c01,D08C01F
2014,已婚+同居,D8c地區碼,d08c02,D08C02F
2014,已婚+同居,平常(他/她)每天上下班總共需要多少交通時間?,d08d01,D08D01F
2014,已婚+同居,若需要交通時間，約__分鐘,d08d02,D08D02F
2014,已婚+同居,(他/她)這份工作平均每個月的總收入有多少?,d09a,D09A
2014,已婚+同居,(他/她)這份工作平均每個月的總收入大約有多少?,d09b,D09B
2014,已婚+同居,(他/她)這份工作收入是按小時，按日計酬的?,d09c01,D09C01F
2014,已婚+同居,(他/她)這份工作收入是按月計酬的?,d09c02,D09C02F
2014,已婚+同居,(他/她)這份工作收入是獎金(不含年終獎金)，分紅等不固定的收入?,d09c03,D09C03F
2014,已婚+同居,(他/她)這份工作收入是按件計酬的?,d09c04,D09C04F
2014,已婚+同居,(他/她)這份工作收入是用其他方式(含年終獎金，營業收入等)領的?,d09c05,D09C05F
2014,已婚+同居,請問下列哪一種方式領取的收入最多?,d09d,D09D
2014,已婚+同居,請問(他/她)是由人力派遣公司付薪水的嗎?,d10a,D10A
2014,已婚+同居,在正常的情形下，(他/她)這份工作平均每週大約工作幾個小時?,d10b,D10B
2014,已婚+同居,請問(他/她)是從什麼時候開始做目前這份工作的?民國__年,d10c01,D10C01F
2014,已婚+同居,請問(他/她)是從什麼時候開始做目前這份工作的?又__月,d10c02,D10C02F
2014,已婚+同居,請問(他/她)目前沒有工作，是屬於下列哪一種情況?,d11a,D11A
2014,已婚+同居,請問(他/她)目前不打算找工作的原因是什麼?,d11b,D11B
2014,已婚+同居,請問(他/她)過去這一個月之內有沒有在找工作或準備開始創業(不含兼差)?,d12a01,D12A01F
2014,已婚+同居,若有，從開始找工作到目前為止已找了__月,d12a02,D12A02F
2014,已婚+同居,若有，從開始找工作到目前為止又找了__週,d12a03,D12A03F
2014,已婚+同居,(他/她)最主要用什麼方法找尋工作?,d12b,D12B
2014,新婚者,請問您結婚的時候，男方是否準備聘金?,d13a01,D13A01F
2014,新婚者,若是，當時大約是__元,d13a02,D13A02F
2014,新婚者,請問您結婚的時候，女方是否準備嫁妝?,d13b01,D13B01F
2014,新婚者,若是，當時折合現金大約是__元,d13b02,D13B02F
2014,新婚者,請問您與您的(先生/太太)是如何認識結婚的?,d14a,D14A
2014,新婚者,請問當初您的父母是否贊成這門親事?,d14b,D14B
2014,移民,請問您在未來有沒有移民到台灣以外地區的打算?,e01,E01F
2014,移民,您打算移民的主要原因是什麼?,e02,E02F
2014,移民,您的父母(或配偶父母)有沒有定居在台灣以外地區?,e03z01,E03Z01F
2014,移民,您的子女(或子女的配偶)有沒有定居在台灣以外地區?,e03z02,E03Z02F
2014,移民,您的兄弟姊妹(或配偶的兄弟姊妹)有沒有定居在台灣以外地區?,e03z03,E03Z03F
2014,移民,您的配偶有沒有定居在台灣以外地區?,e03z04,E03Z04F
2014,移民,您的其他親人有沒有定居在台灣以外地區?,e03z05,E03Z05F
2014,搬遷,請問您在上一次訪問之後，是否有搬遷(搬住的地方)過?,e04a,E04A
2014,搬遷,請問您(上次訪問)之後，總共搬遷幾次?,e04b,E04B
2014,搬遷,請問您最近一次搬遷是什麼時候?民國__年,e04c01,E04C01F
2014,搬遷,請問您最近一次搬遷是什麼時候?又__月,e04c02,E04C02F
2014,搬遷,您搬遷的主要原因是什麼?,e05,E05F
2014,工作,請問上一次訪問之後，您有沒有新的工作機會或工作變動的機會?,e06a,E06A
2014,工作,請問新的工作機會需要搬遷或個人遷移到外地嗎?,e06b,E06B
2014,工作,請問您有接受這個新的工作機會嗎?,e06c,E06C
2014,同住人口,請問您平常是否與父母同住?,e07a,E07A
2014,同住人口,去年(102年)與您同住的(不含受訪者本人)，一共有多少人?,e07b,E07B
2014,同住人口,這些同住的人包括受訪者配偶(同居人)__人,e07c01,E07C01F
2014,同住人口,這些同住的人包括已婚兄弟__人,e07c02,E07C02F
2014,同住人口,這些同住的人包括已婚姊妹__人,e07c03,E07C03F
2014,同住人口,這些同住的人包括兒子__人,e07c04,E07C04F
2014,同住人口,這些同住的人包括女兒__人,e07c05,E07C05F
2014,同住人口,這些同住的人包括祖父母__人,e07c06,E07C06F
2014,同住人口,這些同住的人包括配偶祖父母__人,e07c07,E07C07F
2014,同住人口,這些同住的人包括未婚兄弟__人,e07c08,E07C08F
2014,同住人口,這些同住的人包括未婚姊妹__人,e07c09,E07C09F
2014,同住人口,這些同住的人包括配偶父母__人,e07c10,E07C10F
2014,同住人口,這些同住的人包括同學__人,e07c11,E07C11F
2014,同住人口,這些同住的人包括朋友__人,e07c12,E07C12F
2014,同住人口,這些同住的人包括其他親屬__人,e07c13,E07C13F
2014,同住人口,這些同住的人包括其他人__人,e07c14,E07C14F
2014,同住人口,房子是誰的:,e08a,E08A
2014,同住人口,租金每月多少?,e08b,E08B
2014,搬遷,請問您有沒有打算在兩年之內搬遷?,e09,E09F
2014,分產,您的父母是否曾經將土地，房屋等家產分給子女?,e10,E10F
2014,父母,請問您父親目前的健康狀況?,e11f1,E11F1F
2014,父母,請問您母親目前的健康狀況?,e11m1,E11M1F
2014,父母,請問您與您的父親去年平均每月打電話(含網路即時通訊)次數?,e12f1,E12F1F
2014,父母,請問您與您的母親去年平均每月打電話(含網路即時通訊)次數?,e12m1,E12M1F
2014,父母,請問您與您的父親去年見面次數?,e13f1,E13F1F
2014,父母,請問您與您的母親去年見面次數?,e13m1,E13M1F
2014,父母,請問過去一年來，您的父母有沒有給您(或您配偶)一般生活費上的資助?,e14a01,E14A01F
2014,父母,若有，平均每個月大約__元,e14a02,E14A02F
2014,父母,請問過去一年來，您(或您配偶)有沒有給您父母零用金，生活費或節慶紅包?,e14b01,E14B01F
2014,父母,若有，平均每個月大約__元,e14b02,E14B02F
2014,配偶父母,請問您配偶父親目前的健康狀況?,e15f2,E15F2F
2014,配偶父母,請問您配偶母親目前的健康狀況?,e15m2,E15M2F
2014,配偶父母,請問您與您配偶的父親去年平均每月打電話(含網路即時通訊)次數?,e16f2,E16F2F
2014,配偶父母,請問您與您配偶的母親去年平均每月打電話(含網路即時通訊)次數?,e16m2,E16M2F
2014,配偶父母,請問您與您配偶的父親去年見面次數?,e17f2,E17F2F
2014,配偶父母,請問您與您配偶的母親去年見面次數?,e17m2,E17M2F
2014,配偶父母,請問過去一年來，您配偶的父母有沒有給您(或您配偶)一般生活費上的資助?,e18a01,E18A01F
2014,配偶父母,若有，平均每個月大約__元,e18a02,E18A02F
2014,配偶父母,請問過去一年來，您(或您配偶)有沒有給您配偶父母零用金，生活費或節慶紅包?,e18b01,E18B01F
2014,配偶父母,若有，平均每個月大約__元,e18b02,E18B02F
2014,接受資助,上次訪問以來，您的家庭是否曾經從兄弟姊妹得到資助或借款?,e19z01,E19Z01F
2014,接受資助,上次訪問以來，您的家庭是否曾經從配偶的兄弟姊妹得到資助或借款?,e19z02,E19Z02F
2014,接受資助,上次訪問以來，您的家庭是否曾經從其他親戚得到資助或借款?,e19z03,E19Z03F
2014,接受資助,上次訪問以來，您的家庭是否曾經從朋友或同事得到資助或借款?,e19z04,E19Z04F
2014,家務分工,在去年(102年)之中，請問您平均每週大約花多少時間作家務工作?__小時,f01a,F01A
2014,家務分工,在去年(102年)之中，請問您的配偶平均每週大約花多少時間作家務工作?__小時,f01b,F01B
2014,政府補助,在去年之中，您的家庭是否曾經得到政府的中低收入戶生活補助?,f02a01,F02A01F
2014,政府補助,在去年之中，您的家庭是否曾經得到政府的傷病醫療費用補助?,f02a02,F02A02F
2014,政府補助,在去年之中，您的家庭是否曾經得到政府的教育補助(含五歲幼兒學費補助)?,f02a03,F02A03F
2014,政府補助,在去年之中，您的家庭是否曾經得到政府的兒童托育補助?,f02a04,F02A04F
2014,政府補助,在去年之中，您的家庭是否曾經得到政府的老人津貼(含老農津貼)?,f02a05,F02A05F
2014,政府補助,在去年之中，您的家庭是否曾經得到政府的榮民就養金?,f02a06,F02A06F
2014,政府補助,在去年之中，您的家庭是否曾經得到政府的身心障礙者補助?,f02a07,F02A07F
2014,政府補助,在去年之中，您的家庭是否曾經得到政府的重大傷病補助?,f02a08,F02A08F
2014,政府補助,在去年之中，您的家庭是否曾經得到政府的失業保險金?,f02a09,F02A09F
2014,政府補助,在去年之中，您的家庭是否曾經得到政府的生育獎勵金(含生育補助)?,f02a10,F02A10F
2014,政府補助,在去年之中，您的家庭是否曾經得到政府的天然災害補助?,f02a11,F02A11F
2014,政府補助,在去年之中，您的家庭是否曾經得到政府的其他補助?,f02a12,F02A12F
2014,政府補助,是您自己領失業保險金?,f02b01,F02B01F
2014,政府補助,是您的配偶領失業保險金?,f02b02,F02B02F
2014,政府補助,是其他家人領失業保險金?,f02b03,F02B03F
2014,政府補助,在去年之中，您家庭自政府得到的補助總計大約是多少?,f02c,F02C
2014,家庭收支,在過去一年裡，您(和您配偶)房屋貸款支出平均每月__元,f03a,F03A
2014,家庭收支,在過去一年裡，您(和您配偶)保姆或幫傭(包括家事管理)支出平均每月__元,f03b,F03B
2014,家庭收支,請問您(和您配偶)過去一年裡，人身商業保險__元,f04a,F04A
2014,家庭收支,請問您(和您配偶)過去一年裡，家具與家庭耐久設備__元,f04b,F04B
2014,家庭收支,在去年(102年)中，您(和您配偶)全部的支出(含給父母親，繳稅等支出)大約__元,f05,F05F
2014,健康及精神狀況,請問您的身高是__公分,f06a,F06A
2014,健康及精神狀況,請問您的體重是__公斤,f06b,F06B
